time,seconds_elapsed,z,y,x
1775728160709117400,0.082117431640625,-0.14604631066322327,-0.014365210197865963,0.05027823522686958
1775728160729059000,0.10205908203125,-0.019153613597154617,0.047884032130241394,-0.09576806426048279
1775728160738999600,0.11199951171875,0.011971008032560349,0.1412578970193863,-0.014365210197865963
1775728160748839700,0.121839599609375,-0.026336219161748886,-0.05267243832349777,-0.023942016065120697
1775728160758710500,0.13171044921875,0.040701430290937424,-0.07422025501728058,-0.09816227108240128
1775728160768650800,0.141650634765625,0.08858546614646912,-0.028730420395731926,-0.15083470940589905
1775728160778752300,0.151752197265625,0.05746084079146385,-0.07900865375995636,-0.19393034279346466
1775728160788823000,0.161822998046875,0.038307227194309235,-0.16998831927776337,-0.11971008777618408
1775728160798893800,0.171893798828125,0.09816227108240128,-0.19153612852096558,-0.19393034279346466
1775728160808903400,0.1819033203125,0.13407529890537262,-0.22505496442317963,-0.2944868206977844
1775728160819035400,0.192035400390625,0.06464344263076782,-0.19632454216480255,-0.22266076505184174
1775728160849186800,0.222186767578125,0.1843535304069519,0.06464344263076782,-0.0694318488240242
1775728160879429600,0.2524296875,0.17956513166427612,-0.033518824726343155,-0.016759412363171577
1775728160909611500,0.282611572265625,0.090979665517807,-0.12210428714752197,-0.21308395266532898
1775728160919682300,0.292682373046875,0.1149216815829277,-0.16519992053508759,-0.10534487664699554
1775728160959965400,0.33296533203125,-0.016759412363171577,0.10295066982507706,-0.0694318488240242
1775728160969975300,0.342975341796875,-0.011971008032560349,0.011971008032560349,-0.15801730751991272
1775728160980046000,0.353046142578125,0.021547814831137657,0.023942016065120697,-0.17717093229293823
1775728160990116900,0.363116943359375,0.011971008032560349,0.011971008032560349,-0.19393034279346466
1775728161000187600,0.373187744140625,-0.0454898327589035,0.004788403399288654,-0.08619125932455063
1775728161010228000,0.38322802734375,-0.026336219161748886,-0.08140286058187485,-0.17477671802043915
1775728161020329200,0.3933291015625,0.0454898327589035,-0.033518824726343155,-0.13168109953403473
1775728161070683400,0.443683349609375,0.1412578970193863,-0.026336219161748886,0.0071826050989329815
1775728161110875000,0.483875,0.1604115068912506,-0.1843535304069519,0.009576806798577309
1775728161120915200,0.493915283203125,0.2106897532939911,-0.35673606395721436,0.0454898327589035
1775728161130986000,0.503986083984375,0.26575639843940735,-0.28730419278144836,-0.028730420395731926
1775728161151158000,0.524157958984375,0.16519992053508759,-0.004788403399288654,-0.028730420395731926
1775728161161229000,0.53422900390625,0.09816227108240128,0.035913024097681046,0.019153613597154617
1775728161171299800,0.5442998046875,0.12449848651885986,0.08140286058187485,-0.043095629662275314
1775728161181370600,0.55437060546875,0.05267243832349777,-0.05027823522686958,-0.047884032130241394
1775728161191471900,0.564471923828125,0.20111294090747833,-0.19393034279346466,-0.05985504388809204
1775728161201542700,0.574542724609375,0.31364041566848755,-0.11252748221158981,-0.11252748221158981
1775728161211613400,0.584613525390625,0.40462008118629456,-0.047884032130241394,-0.1388636976480484
1775728161231694000,0.604694091796875,0.21547815203666687,0.043095629662275314,-0.12928688526153564
1775728161251835600,0.624835693359375,0.05027823522686958,-0.15322890877723694,-0.06703764945268631
1775728161272007700,0.645007568359375,0.07182604819536209,-0.07182604819536209,-0.17717093229293823
1775728161302159000,0.6751591796875,0.10773907601833344,-0.05506663769483566,-0.1867477297782898
1775728161312260400,0.68526025390625,-0.1149216815829277,-0.16759411990642548,-0.1843535304069519
1775728161322331100,0.6953310546875,-0.13168109953403473,-0.2849099934101105,-0.1628057211637497
1775728161332402000,0.70540185546875,-0.1412578970193863,-0.38067805767059326,-0.08619125932455063
1775728161342503400,0.71550341796875,-0.05267243832349777,-0.4141969084739685,-0.13407529890537262
1775728161352574200,0.72557421875,-0.0071826050989329815,-0.2059013396501541,-0.1364694982767105
1775728161382817000,0.755817138671875,0,0.035913024097681046,-0.090979665517807
1775728161392857300,0.765857421875,-0.019153613597154617,-0.19871874153614044,-0.15083470940589905
1775728161402928000,0.77592822265625,0.011971008032560349,-0.21547815203666687,-0.17956513166427612
1775728161412968400,0.785968505859375,0.18914192914962769,0,-0.1843535304069519
1775728161423008800,0.7960087890625,0.19153612852096558,-0.019153613597154617,-0.17956513166427612
1775728161433079600,0.80607958984375,0.24420857429504395,-0.06703764945268631,-0.1149216815829277
1775728161443180800,0.816180908203125,0.19153612852096558,-0.028730420395731926,-0.1388636976480484
1775728161453221000,0.82622119140625,0.0933738648891449,-0.004788403399288654,-0.12210428714752197
1775728161513615400,0.886615478515625,0.038307227194309235,-0.016759412363171577,-0.2059013396501541
1775728161523686100,0.89668603515625,0.009576806798577309,-0.10055647045373917,-0.2537853717803955
1775728161533696000,0.906696044921875,-0.009576806798577309,0.08379705995321274,-0.18914192914962769
1775728161543797200,0.91679736328125,-0.09576806426048279,-0.05506663769483566,-0.031124621629714966
1775728161573979100,0.946979248046875,0.12689268589019775,-0.12928688526153564,-0.272938996553421
1775728161604161000,0.9771611328125,0.05746084079146385,-0.12210428714752197,-0.16998831927776337
1775728161614231800,0.987231689453125,-0.06224924325942993,-0.07661445438861847,-0.12449848651885986
1775728161624302600,0.997302490234375,-0.17238251864910126,-0.031124621629714966,-0.05506663769483566
1775728161634373400,1.007373291015625,-0.19393034279346466,0.1149216815829277,-0.026336219161748886
1775728161644444200,1.017444091796875,-0.031124621629714966,0.023942016065120697,0.011971008032560349
1775728161654515200,1.02751513671875,0.043095629662275314,-0.22744916379451752,-0.0933738648891449
1775728161684788500,1.05778857421875,0.18914192914962769,-0.12689268589019775,-0.21787235140800476
1775728161694859300,1.067859375,0.090979665517807,-0.17717093229293823,-0.16759411990642548
1775728161715000800,1.088000732421875,0.07422025501728058,-0.1149216815829277,0.028730420395731926
1775728161725071600,1.098071533203125,0.07661445438861847,-0.043095629662275314,0.040701430290937424
1775728161735081500,1.10808154296875,0.043095629662275314,-0.12689268589019775,0.016759412363171577
1775728161745182700,1.1181826171875,0.07422025501728058,-0.22026655077934265,-0.035913024097681046
1775728161755253500,1.12825341796875,-0.07182604819536209,-0.17238251864910126,-0.09816227108240128
1775728161765324300,1.13832421875,-0.10773907601833344,-0.181959331035614,-0.06464344263076782
1775728161775364600,1.148364501953125,0.05027823522686958,-0.2106897532939911,-0.09576806426048279
1775728161785466000,1.158466064453125,0.17477671802043915,-0.2106897532939911,-0.2298433631658554
1775728161795567400,1.1685673828125,0.18914192914962769,-0.10534487664699554,-0.2298433631658554
1775728161805638100,1.17863818359375,0.21547815203666687,0.06224924325942993,-0.14844051003456116
1775728161815709000,1.188708984375,0.2992752194404602,0.363918662071228,-0.19632454216480255
1775728161825810200,1.19881005859375,0.38307225704193115,0.2059013396501541,-0.26575639843940735
1775728161835850500,1.2088505859375,0.38546648621559143,0.019153613597154617,-0.21308395266532898
1775728161845951700,1.21895166015625,0.31842881441116333,-0.019153613597154617,-0.12210428714752197
1775728161856022500,1.2290224609375,0.2106897532939911,-0.16998831927776337,-0.15083470940589905
1775728161926610000,1.29960986328125,0.14604631066322327,0.6440402865409851,-0.10534487664699554
1775728161936619500,1.30961962890625,-0.10534487664699554,0.24899697303771973,0.4118026793003082
1775728161946720800,1.319720703125,-0.15083470940589905,0.08619125932455063,0.18914192914962769
1775728161956791800,1.329791748046875,-0.07182604819536209,0.3687070608139038,0.07900865375995636
1775728161966801400,1.339801513671875,-0.17477671802043915,0.21308395266532898,0.019153613597154617
1775728161987004200,1.360004150390625,-0.26575639843940735,0.090979665517807,-0.19632454216480255
1775728161997075000,1.370074951171875,-0.272938996553421,0.507570743560791,-0.23942017555236816
1775728162007176200,1.38017626953125,-0.3064578175544739,0.4429273009300232,-0.3256114423274994
1775728162017247000,1.3902470703125,-0.5219359993934631,-0.15322890877723694,-0.4884171485900879
1775728162027317800,1.40031787109375,-0.5003881454467773,-0.7110779285430908,-0.40701428055763245
1775728162037419000,1.4104189453125,-0.3519476354122162,-0.8475474119186401,-0.31124621629714966
1775728162047490000,1.420489990234375,-0.10534487664699554,0.023942016065120697,-0.3232172429561615
1775728162057560800,1.430560791015625,-0.0694318488240242,0.13168109953403473,-0.14604631066322327
1775728162087742700,1.46074267578125,0.011971008032560349,-0.3878606855869293,0.004788403399288654
1775728162097844000,1.470843994140625,-0.07422025501728058,0.11013327538967133,0.004788403399288654
1775728162107914800,1.480914794921875,-0.05027823522686958,0.12210428714752197,0.19153612852096558
1775728162117985500,1.490985595703125,-0.21547815203666687,0.3878606855869293,0.304063618183136
1775728162128056300,1.501056396484375,-0.26575639843940735,0.3471592366695404,0.31124621629714966
1775728162138127000,1.511127197265625,-0.17956513166427612,0.5889736413955688,0.24420857429504395
1775728162148198000,1.521197998046875,-0.05027823522686958,0.07661445438861847,0.2992752194404602
1775728162188450600,1.561450439453125,0.47405192255973816,-0.9481038451194763,-0.3711012601852417
1775728162208500700,1.581500732421875,0.0454898327589035,-0.849941611289978,-0.08379705995321274
1775728162218602000,1.59160205078125,-0.45010992884635925,-0.6177040338516235,-0.22266076505184174
1775728162228672800,1.6016728515625,-0.6727706789970398,-0.47644615173339844,0.1173158809542656
1775728162238743600,1.61174365234375,-0.6224924325942993,-0.4165911078453064,0.09576806426048279
1775728162248784000,1.621783935546875,-0.6224924325942993,0.629675030708313,-0.23702596127986908
1775728162258854700,1.631854736328125,-0.5123591423034668,0.15801730751991272,-0.17717093229293823
1775728162268925400,1.641925537109375,-0.2825157940387726,0.05746084079146385,-0.2561795711517334
1775728162289036500,1.66203662109375,0,0.028730420395731926,-0.524330198764801
1775728162319249000,1.692248779296875,-0.002394201699644327,0.31124621629714966,-0.6607996821403503
1775728162329319700,1.702319580078125,-0.6200982332229614,0.5386953949928284,-0.26575639843940735
1775728162339421200,1.712421142578125,-0.7805097699165344,-0.5219359993934631,0.026336219161748886
1775728162349461200,1.722461181640625,-0.7445967197418213,0.27054479718208313,-0.08619125932455063
1775728162359501600,1.73250146484375,-0.5267243981361389,0.3064578175544739,-0.05267243832349777
1775728162369511400,1.742511474609375,-0.6727706789970398,-0.11013327538967133,0.16998831927776337
1775728162379582200,1.752582275390625,-0.49559974670410156,0.1364694982767105,0.07661445438861847
1775728162409794600,1.782794677734375,0.004788403399288654,-0.1867477297782898,-0.12689268589019775
1775728162429966800,1.802966796875,0.2801215946674347,-1.1971008777618408,0.31842881441116333
1775728162440037600,1.81303759765625,0.3471592366695404,-1.0630255937576294,0.15322890877723694
1775728162450139000,1.823138916015625,0.07422025501728058,-0.9145850539207458,0.17238251864910126
1775728162460179200,1.83317919921875,0.2106897532939911,-0.9097966551780701,0.2777273952960968
1775728162470250000,1.84325,0.35673606395721436,-0.6727706789970398,0.17238251864910126
1775728162480320800,1.85332080078125,0.2992752194404602,-1.1444283723831177,-0.11013327538967133
1775728162510472200,1.88347216796875,-0.0933738648891449,-0.1867477297782898,-0.047884032130241394
1775728162520543000,1.89354296875,-0.3758896589279175,-0.6416460275650024,0.038307227194309235
1775728162530583300,1.903583251953125,-0.49559974670410156,-0.10295066982507706,0.08858546614646912
1775728162540654000,1.913654052734375,-0.5530605912208557,0.16759411990642548,-0.14844051003456116
1775728162550724900,1.923724853515625,-0.524330198764801,-0.016759412363171577,-0.19153612852096558
1775728162560734500,1.933734375,-0.6607996821403503,0.12689268589019775,-0.07182604819536209
1775728162570805200,1.94380517578125,-0.6153098344802856,0.1628057211637497,-0.07182604819536209
1775728162580845600,1.953845458984375,-0.3758896589279175,0.26575639843940735,-0.21787235140800476
1775728162590916400,1.963916259765625,-0.3208230137825012,0.22505496442317963,-0.6560112833976746
1775728162611027500,1.98402734375,0.3687070608139038,-0.4692635238170624,-0.9552865028381348
1775728162641239800,2.01423974609375,0.9097966551780701,0.5674257874488831,-0.9361328482627869
1775728162651341300,2.02434130859375,0.05746084079146385,0.4213795065879822,-0.6703764796257019
1775728162661412000,2.034412109375,-0.7038952708244324,-0.023942016065120697,-0.19871874153614044
1775728162671513300,2.044513427734375,-1.1540051698684692,-0.47884035110473633,0.1604115068912506
1775728162681553700,2.0545537109375,-1.2018892765045166,-0.6177040338516235,-0.06224924325942993
1775728162691655000,2.064655029296875,-1.0007762908935547,-1.6496049165725708,-0.1604115068912506
1775728162711827200,2.0848271484375,-0.5985504388809204,-0.7374141216278076,-0.40222588181495667
1775728162731968800,2.10496875,-0.6057330369949341,0.751779317855835,0.2944868206977844
1775728162742039600,2.11503955078125,-0.31364041566848755,0.8978256583213806,0.2777273952960968
1775728162752140800,2.125140869140625,-0.12689268589019775,0.5746083855628967,0.047884032130241394
1775728162762211600,2.135211669921875,-0.5147533416748047,-0.2082955539226532,-0.22026655077934265
1775728162772282400,2.145282470703125,-0.8547300100326538,-1.0055646896362305,0.1149216815829277
1775728162782322700,2.15532275390625,-1.3120225667953491,-1.2761094570159912,0.4381389021873474
1775728162792363000,2.165363037109375,-1.6711528301239014,-1.194706678390503,0.6248866319656372
1775728162812443600,2.185443603515625,-2.477998733520508,-0.6129156351089478,0.6631938815116882
1775728162842686500,2.2156865234375,1.3407529592514038,-1.1180921792984009,-0.9888052940368652
1775728162852757200,2.22575732421875,1.2617442607879639,-1.0414776802062988,-0.7948749661445618
1775728162862797600,2.235797607421875,0.8523358106613159,-0.5602431893348694,-0.05506663769483566
1775728162872898800,2.24589892578125,0.7445967197418213,-0.05267243832349777,0.47644615173339844
1775728162882969600,2.255969482421875,0.507570743560791,-1.036689281463623,0.18914192914962769
1775728162893040400,2.266040283203125,0.7972691655158997,-1.4173674583435059,-0.15801730751991272
1775728162903111200,2.276111083984375,0.7709329724311829,-1.5658079385757446,-0.1867477297782898
1775728162913151500,2.2861513671875,0.5171475410461426,-1.6974890232086182,0.08858546614646912
1775728162943425000,2.316425048828125,-0.021547814831137657,-1.3623007535934448,0.17477671802043915
1775728162953495800,2.326495849609375,0.10295066982507706,-1.6400281190872192,0.16759411990642548
1775728162963566600,2.336566650390625,0.12928688526153564,-2.0374655723571777,0.4572925269603729
1775728162973637400,2.346637451171875,-0.16998831927776337,-1.4245500564575195,0.9265560507774353
1775728162983708200,2.356708251953125,-0.4405331015586853,-1.0773907899856567,0.9457096457481384
1775728162993779000,2.366779052734375,-0.6320692300796509,-1.4101848602294922,0.6272808313369751
1775728163003849700,2.376849609375,-0.7398083209991455,-1.6352397203445435,0.4165911078453064
1775728163034001200,2.407001220703125,-0.6440402865409851,-0.26575639843940735,0.6033388376235962
1775728163044072000,2.417072021484375,-0.5793967843055725,-0.1843535304069519,0.33279404044151306
1775728163064183000,2.43718310546875,0.028730420395731926,-0.586579442024231,-0.019153613597154617
1775728163074284300,2.4472841796875,-0.07182604819536209,-0.42616790533065796,0.019153613597154617
1775728163084355000,2.45735498046875,-0.2082955539226532,-0.28730419278144836,-0.15801730751991272
1775728163094425900,2.46742578125,-0.1149216815829277,-0.5003881454467773,-0.24660277366638184
1775728163104435700,2.477435791015625,-0.09576806426048279,-0.6919242739677429,-0.5027823448181152
1775728163114476000,2.48747607421875,-0.1388636976480484,-0.8307880163192749,-0.6368576288223267
1775728163124577300,2.497577392578125,-0.0454898327589035,-1.0271124839782715,-0.6320692300796509
1775728163144688400,2.5176884765625,-0.33279404044151306,-0.6368576288223267,-0.2346317619085312
1775728163154728700,2.527728759765625,-0.3663128614425659,-0.4884171485900879,-0.10055647045373917
1775728163164738600,2.537738525390625,-0.31364041566848755,-0.3471592366695404,-0.2561795711517334
1775728163174809300,2.547809326171875,-0.2801215946674347,-0.20111294090747833,-0.3208230137825012
1775728163184880000,2.557880126953125,-0.2825157940387726,-0.16759411990642548,-0.33758243918418884
1775728163194981400,2.5679814453125,-0.35434186458587646,-0.11013327538967133,-0.42616790533065796
1775728163204991200,2.5779912109375,-0.15801730751991272,-0.10055647045373917,-0.304063618183136
1775728163215092500,2.588092529296875,-0.26096799969673157,0,-0.31124621629714966
1775728163225132800,2.5981328125,-0.36152446269989014,-0.047884032130241394,-0.24181437492370605
1775728163255345200,2.62834521484375,-0.181959331035614,0.13407529890537262,-0.15562310814857483
1775728163265355000,2.63835498046875,-0.13168109953403473,0.3711012601852417,-0.2585737705230713
1775728163275395000,2.64839501953125,-0.09816227108240128,0.24181437492370605,-0.33279404044151306
1775728163285435400,2.658435302734375,-0.07661445438861847,-0.0694318488240242,-0.395043283700943
1775728163295506200,2.668506103515625,0.090979665517807,-0.33758243918418884,-0.44532153010368347
1775728163305546500,2.67854638671875,-0.035913024097681046,-0.3471592366695404,-0.26575639843940735
1775728163315617300,2.6886171875,-0.11013327538967133,-0.3256114423274994,-0.17956513166427612
1775728163325688000,2.69868798828125,-0.181959331035614,-0.272938996553421,-0.1173158809542656
1775728163335789600,2.70878955078125,-0.29209262132644653,-0.3016694188117981,-0.0933738648891449
1775728163345830000,2.718829833984375,-0.28969839215278625,-0.37828385829925537,-0.1843535304069519
1775728163376042200,2.749042236328125,-0.16759411990642548,-0.181959331035614,-0.3232172429561615
1775728163396183800,2.769183837890625,-0.11013327538967133,0.08619125932455063,-0.07661445438861847
1775728163406254600,2.779254638671875,-0.11252748221158981,-0.14604631066322327,-0.090979665517807
1775728163416295000,2.789294921875,-0.009576806798577309,-0.35913026332855225,-0.2849099934101105
1775728163426396200,2.799396240234375,0.0694318488240242,-0.24420857429504395,-0.3016694188117981
1775728163436467000,2.809467041015625,0.07661445438861847,-0.12449848651885986,-0.4118026793003082
1775728163456639000,2.829638916015625,0.023942016065120697,-0.1149216815829277,-0.20350714027881622
1775728163466710000,2.8397099609375,-0.07661445438861847,-0.05506663769483566,-0.2322375625371933
1775728163476811300,2.849811279296875,-0.033518824726343155,-0.07900865375995636,-0.1388636976480484
1775728163486820900,2.85982080078125,0.033518824726343155,-0.0071826050989329815,-0.12449848651885986
1775728163496922400,2.86992236328125,0.10295066982507706,-0.2059013396501541,-0.15083470940589905
1775728163506993200,2.8799931640625,0.12449848651885986,-0.31842881441116333,-0.22744916379451752
1775728163517064000,2.89006396484375,0.17238251864910126,-0.33758243918418884,-0.2322375625371933
1775728163527104300,2.900104248046875,0.1867477297782898,-0.42856210470199585,-0.26575639843940735
1775728163557347000,2.93034716796875,-0.06703764945268631,-0.1364694982767105,-0.090979665517807
1775728163567357000,2.94035693359375,0.15801730751991272,-0.3232172429561615,-0.2944868206977844
1775728163577458200,2.950458251953125,0.26096799969673157,-0.2561795711517334,-0.3447650372982025
1775728163587529000,2.960529052734375,0.33997663855552673,-0.3064578175544739,-0.21308395266532898
1775728163597569300,2.9705693359375,0.12928688526153564,-0.4165911078453064,-0.27054479718208313
1775728163607579100,2.9805791015625,0.06703764945268631,-0.28730419278144836,-0.2298433631658554
1775728163617619200,2.990619140625,0.014365210197865963,-0.12449848651885986,-0.2537853717803955
1775728163627690200,3.000690185546875,-0.12689268589019775,0.023942016065120697,-0.17238251864910126
1775728163647770600,3.0207705078125,-0.22505496442317963,-0.6368576288223267,0.019153613597154617
1775728163657872100,3.0308720703125,-0.08379705995321274,-0.3519476354122162,-0.15322890877723694
1775728163667912200,3.040912109375,-0.090979665517807,0.14604631066322327,-0.3232172429561615
1775728163678013700,3.051013671875,0,0.0933738648891449,-0.2968810200691223
1775728163688054000,3.061053955078125,0.11013327538967133,0.0694318488240242,-0.2513911724090576
1775728163698155300,3.0711552734375,0.2346317619085312,0.24660277366638184,-0.24899697303771973
1775728163708226000,3.08122607421875,0.19153612852096558,0.17477671802043915,-0.2298433631658554
1775728163718296800,3.091296875,0.12449848651885986,0.07661445438861847,-0.22266076505184174
1775728163728337200,3.101337158203125,0.12689268589019775,0.002394201699644327,-0.2513911724090576
1775728163738438400,3.1114384765625,0.1364694982767105,-0.09576806426048279,-0.20350714027881622
1775728163748448300,3.1214482421875,0.12928688526153564,-0.40222588181495667,-0.2059013396501541
1775728163788731400,3.1617314453125,0.11252748221158981,-0.13168109953403473,-0.2059013396501541
1775728163798802200,3.17180224609375,0.3256114423274994,-0.4692635238170624,-0.3016694188117981
1775728163808842500,3.181842529296875,0.33039984107017517,-0.3016694188117981,-0.19632454216480255
1775728163818913300,3.191913330078125,0.33518823981285095,-0.22026655077934265,-0.05506663769483566
1775728163828984000,3.201984130859375,0.35434186458587646,-0.4213795065879822,-0.07900865375995636
1775728163849125600,3.222125732421875,0.2968810200691223,-0.27054479718208313,-0.17477671802043915
1775728163879307500,3.2523076171875,0.3208230137825012,-0.1604115068912506,-0.2968810200691223
1775728163889287000,3.262286865234375,0.47165772318840027,-0.14365209639072418,-0.3687070608139038
1775728163899388200,3.27238818359375,0.35673606395721436,-0.12210428714752197,-0.363918662071228
1775728163909459000,3.282458984375,0.181959331035614,0,-0.35434186458587646
1775728163919529700,3.29252978515625,-0.004788403399288654,-0.026336219161748886,-0.26096799969673157
1775728163929508900,3.3025087890625,-0.040701430290937424,-0.13407529890537262,-0.22026655077934265
1775728163939610400,3.3126103515625,-0.181959331035614,-0.08619125932455063,-0.31364041566848755
1775728163969822700,3.34282275390625,-0.1867477297782898,-0.2753331959247589,-0.5650315880775452
1775728163979924000,3.352924072265625,0.08379705995321274,-0.1867477297782898,-0.7350199222564697
1775728164000004600,3.373004638671875,0.1173158809542656,-0.21308395266532898,-0.8475474119186401
1775728164010075400,3.383075439453125,0.3878606855869293,-0.1604115068912506,-1.0319008827209473
1775728164020115700,3.39311572265625,0.7398083209991455,-0.21547815203666687,-1.0965443849563599
1775728164030217000,3.403217041015625,0.8643068075180054,0.05746084079146385,-1.2258312702178955
1775728164040287700,3.413287841796875,0.9552865028381348,0.29209262132644653,-1.53707754611969
1775728164060459800,3.433459716796875,1.5825673341751099,0.9576807022094727,-2.205059766769409
1775728164070500000,3.4435,1.534683346748352,1.5825673341751099,-2.4612393379211426
1775728164080540400,3.45354052734375,1.3407529592514038,1.0462661981582642,-2.6360161304473877
1775728164090611200,3.463611083984375,1.1180921792984009,1.2976573705673218,-2.3942017555236816
1775728164100651500,3.473651611328125,0.8355764150619507,1.5634137392044067,-2.121262788772583
1775728164110631000,3.483630859375,0.6224924325942993,1.094150185585022,-1.8626888990402222
1775728164120732200,3.493732177734375,0.6129156351089478,-0.10295066982507706,-1.7381904125213623
1775728164130772500,3.5037724609375,0.6392518281936646,-0.13407529890537262,-1.8387469053268433
1775728164140873700,3.513873779296875,0.47884035110473633,1.1971008777618408,-2.0590133666992188
1775728164191227600,3.5642275390625,-0.5578489899635315,2.449268341064453,-1.6831238269805908
1775728164201298400,3.57429833984375,-0.7876923680305481,3.1196448802948,-1.800439715385437
1775728164211369200,3.584369140625,-0.9792284965515137,3.469198226928711,-1.7262194156646729
1775728164221440000,3.59443994140625,-1.1899182796478271,3.4356794357299805,-1.5945383310317993
1775728164231511000,3.604510986328125,-1.1994950771331787,3.0358476638793945,-1.599326729774475
1775728164241612300,3.6146123046875,-1.1971008777618408,2.7940332889556885,-1.7525556087493896
1775728164251652600,3.624652587890625,-1.2282254695892334,2.5474305152893066,-2.0470423698425293
1775728164281865000,3.654864990234375,-2.145204782485962,0.6416460275650024,-1.745373010635376
1775728164291874800,3.664874755859375,-2.229001760482788,-0.13407529890537262,-1.7956513166427612
1775728164301976000,3.67497607421875,-2.161964178085327,-0.031124621629714966,-1.8076223134994507
1775728164312046800,3.685046875,-2.099714994430542,0.08619125932455063,-1.8387469053268433
1775728164322148000,3.695148193359375,-1.9345149993896484,0.08140286058187485,-1.8339585065841675
1775728164332188400,3.7051884765625,-1.6759412288665771,-0.3016694188117981,-1.6687586307525635
1775728164342228700,3.715228759765625,-1.5442601442337036,-0.8667010068893433,-1.4700398445129395
1775728164352269000,3.72526904296875,-1.4413094520568848,-1.7166426181793213,-1.3527239561080933
1775728164402653400,3.7756533203125,-1.3048399686813354,-2.118868589401245,-1.1827356815338135
1775728164412724200,3.78572412109375,-1.1971008777618408,-2.1092917919158936,-1.2617442607879639
1775728164422795000,3.795794921875,-0.9600749015808105,-2.056619167327881,-1.1875240802764893
1775728164432865800,3.80586572265625,-1.01753568649292,-2.6671407222747803,-1.1324573755264282
1775728164442936800,3.815936767578125,-1.070208191871643,-3.1459810733795166,-0.9050082564353943
1775728164453007600,3.826007568359375,-1.316810965538025,-3.1244332790374756,-0.5770025849342346
1775728164463108900,3.83610888671875,-1.3623007535934448,-3.162740468978882,-0.181959331035614
1775728164483281000,3.856281005859375,-1.2832920551300049,-3.1962592601776123,0.23702596127986908
1775728164513432300,3.886432373046875,-0.7541735172271729,-2.9089550971984863,0.38067805767059326
1775728164533574000,3.906573974609375,-0.07900865375995636,-3.2561142444610596,0.37828385829925537
1775728164543614200,3.9166142578125,0.08858546614646912,-3.49314022064209,0.31842881441116333
1775728164553624000,3.9266240234375,0.38307225704193115,-3.794809579849243,0.5434837937355042
1775728164573765600,3.946765625,0.5363011956214905,-4.046200752258301,0.9720458984375
1775728164593907200,3.9669072265625,0.5363011956214905,-4.050989151000977,1.3215993642807007
1775728164603978000,3.97697802734375,0.7134721279144287,-4.02465295791626,1.381454348564148
1775728164614048800,3.987048828125,0.7972691655158997,-3.97916316986084,1.2521674633026123
1775728164624119600,3.99711962890625,0.9768342971801758,-4.129997730255127,1.2617442607879639
1775728164634190300,4.0071904296875,1.158793568611145,-4.086902141571045,1.338358759880066
1775728164644261000,4.01726123046875,1.4484920501708984,-3.818751811981201,1.5610195398330688
1775728164654332000,4.027331787109375,1.644816517829895,-3.734954595565796,1.86508309841156
1775728164694615300,4.067615234375,2.557007312774658,-2.7269957065582275,1.8291701078414917
1775728164704655400,4.0776552734375,2.6431987285614014,-2.7078421115875244,1.9105730056762695
1775728164714695700,4.08769580078125,2.8610711097717285,-2.7126305103302,1.7980455160140991
1775728164724797000,4.097796875,3.066972494125366,-2.3487119674682617,1.721431016921997
1775728164734837200,4.107837158203125,3.292027235031128,-2.0183119773864746,1.6041151285171509
1775728164744938800,4.117938720703125,3.6511576175689697,-1.9321208000183105,1.50355863571167
1775728164755009500,4.128009521484375,4.144362926483154,-2.1045033931732178,1.2665326595306396
1775728164765110800,4.13811083984375,4.352658748626709,-1.745373010635376,0.9265560507774353
1775728164775181600,4.148181640625,4.347870349884033,-1.436521053314209,0.6177040338516235
1775728164815342600,4.188342529296875,3.8953661918640137,-0.8427590131759644,0.8786720037460327
1775728164825444000,4.198444091796875,3.957615375518799,-0.7374141216278076,0.6248866319656372
1775728164835515000,4.208514892578125,4.20421838760376,-0.7613561153411865,0.304063618183136
1775728164845616000,4.2186162109375,4.479551315307617,-0.5961562395095825,0.12210428714752197
1775728164855687000,4.22868701171875,4.3406877517700195,-0.7637503147125244,0.026336219161748886
1775728164865757700,4.2387578125,4.067748546600342,-0.7086837291717529,0.035913024097681046
1775728164875828500,4.248828369140625,3.7229835987091064,-0.5339069962501526,0.031124621629714966
1775728164885868800,4.258868896484375,3.627215623855591,-0.5889736413955688,-0.090979665517807
1775728164916112000,4.28911181640625,3.708618402481079,-1.3311761617660522,-2.2385785579681396
1775728164926121500,4.29912158203125,4.005499362945557,-1.7621324062347412,-3.337517261505127
1775728164936192300,4.309192138671875,4.2951979637146,-1.9800047874450684,-4.175487995147705
1775728164946263000,4.319262939453125,4.158728122711182,-2.188300371170044,-4.568136692047119
1775728164956333800,4.329333740234375,3.7684733867645264,-2.209848165512085,-4.460397720336914
1775728164966404600,4.339404541015625,3.2417490482330322,-2.2577321529388428,-3.9815573692321777
1775728164976475600,4.3494755859375,2.604891538619995,-2.1475989818573,-3.313575267791748
1775728164996647700,4.369647705078125,1.048660397529602,-1.2545616626739502,-2.382230758666992
1775728165016789200,4.389789306640625,0.4357447028160095,-0.7230489253997803,-2.008735179901123
1775728165026829600,4.39982958984375,0.6584054827690125,-0.9241618514060974,-2.250549554824829
1775728165036870000,4.409869873046875,1.170764684677124,-0.9959878921508789,-3.0334534645080566
1775728165046940700,4.419940673828125,1.5729905366897583,-0.9696516990661621,-3.9647979736328125
1775728165057011500,4.430011474609375,1.4173674583435059,-0.8906430602073669,-4.553771495819092
1775728165067112700,4.44011279296875,1.1563993692398071,-0.751779317855835,-4.671087741851807
1775728165087223800,4.460223876953125,0.1628057211637497,-0.5219359993934631,-4.333505153656006
1775728165097325000,4.470324951171875,-0.3926490843296051,-0.11252748221158981,-4.165910720825195
1775728165117466600,4.490466552734375,-1.3503297567367554,0.7158663272857666,-3.40216064453125
1775728165127537400,4.500537353515625,-1.6328455209732056,1.2425906658172607,-3.1914708614349365
1775728165137639000,4.510638916015625,-1.7908629179000854,1.6352397203445435,-3.1531636714935303
1775728165147709700,4.520709716796875,-2.1595699787139893,2.051830768585205,-3.4380736351013184
1775728165157780500,4.530780517578125,-2.564189910888672,2.31758713722229,-3.272873640060425
1775728165167881700,4.5408818359375,-2.913743495941162,2.406172752380371,-2.715024709701538
1775728165177922000,4.550922119140625,-3.184288263320923,2.5067291259765625,-2.209848165512085
1775728165208073500,4.581073486328125,-3.778050184249878,2.9065608978271484,-1.2018892765045166
1775728165228215000,4.601215087890625,-3.797203779220581,2.425326347351074,-0.9050082564353943
1775728165238255400,4.61125537109375,-3.804386615753174,2.169146776199341,-0.8619126081466675
1775728165248295700,4.621295654296875,-3.6846764087677,2.164358377456665,-0.8906430602073669
1775728165258336000,4.6313359375,-3.620033025741577,2.363077163696289,-1.0319008827209473
1775728165268406800,4.64140673828125,-3.579331636428833,2.518700122833252,-1.1444283723831177
1775728165278477600,4.6514775390625,-3.6966474056243896,2.626439332962036,-1.2880805730819702
1775728165288578800,4.661578857421875,-3.557783842086792,2.80361008644104,-1.2545616626739502
1775728165318730200,4.691730224609375,-4.414907932281494,3.8762125968933105,-1.5203180313110352
1775728165359043800,4.7320439453125,-5.082890033721924,3.6727054119110107,-1.8842366933822632
1775728165369114600,4.742114501953125,-5.099649429321289,3.6535518169403076,-2.094926595687866
1775728165379155000,4.752155029296875,-5.094861030578613,3.6846764087677,-2.190694570541382
1775728165399296500,4.772296630859375,-4.934449672698975,3.6104562282562256,-2.655169725418091
1775728165409397800,4.782397705078125,-4.90571928024292,3.691859006881714,-3.1507694721221924
1775728165419438000,4.79243798828125,-4.927267074584961,3.732560396194458,-3.737348794937134
1775728165429478400,4.802478515625,-5.027823448181152,3.737348794937134,-4.460397720336914
1775728165439549200,4.812549072265625,-5.351040840148926,3.450044631958008,-5.228936672210693
1775728165449620000,4.822619873046875,-5.640739440917969,3.114856481552124,-6.086060523986816
1775728165459690800,4.832690673828125,-5.95677375793457,2.647987127304077,-6.8809356689453125
1775728165469792300,4.842792236328125,-5.868188381195068,2.5929205417633057,-6.715735912322998
1775728165479893500,4.8528935546875,-6.476315498352051,2.410961151123047,-7.343016624450684
1775728165520115700,4.89311572265625,-6.72531270980835,2.6815059185028076,-8.446743965148926
1775728165530217000,4.903217041015625,-6.703764915466309,2.3487119674682617,-8.762778282165527
1775728165540257300,4.91325732421875,-6.476315498352051,1.7884687185287476,-8.93037223815918
1775728165550328000,4.923328125,-6.074089527130127,1.2210428714752197,-8.81784439086914
1775728165560398800,4.93339892578125,-5.719748020172119,0.44532153010368347,-8.47547435760498
1775728165570469600,4.9434697265625,-5.477933406829834,-0.05985504388809204,-7.960720539093018
1775728165580510000,4.953510009765625,-5.137956619262695,-0.2561795711517334,-7.3693528175354
1775728165610691800,4.98369189453125,-4.501099109649658,-0.751779317855835,-6.208165168762207
1775728165620732200,4.993732177734375,-4.086902141571045,-0.4692635238170624,-5.896918773651123
1775728165630833400,5.00383349609375,-3.6176388263702393,-0.3878606855869293,-5.592854976654053
1775728165640904200,5.013904296875,-3.1004912853240967,-0.5554547905921936,-5.260061264038086
1775728165650975000,5.02397509765625,-2.5234885215759277,-0.7374141216278076,-4.920084476470947
1775728165661076500,5.034076416015625,-1.778891921043396,-1.2306196689605713,-4.668693542480469
1775728165671116500,5.044116455078125,-1.1444283723831177,-2.3343467712402344,-4.24970817565918
1775728165681156900,5.054156982421875,-0.7589619159698486,-2.6623523235321045,-3.7158010005950928
1775728165691227600,5.0642275390625,-0.5267243981361389,-2.255337953567505,-3.026270866394043
1775728165761723400,5.134723388671875,1.1228805780410767,-2.3582887649536133,-0.038307227194309235
1775728165791905300,5.1649052734375,1.8291701078414917,-3.3303346633911133,1.137245774269104
1775728165801945600,5.174945556640625,2.1475989818573,-3.6343982219696045,1.5466543436050415
1775728165812016400,5.185016357421875,2.3511061668395996,-3.8594532012939453,1.8315643072128296
1775728165822087200,5.195087158203125,2.5713725090026855,-4.055777549743652,2.0877439975738525
1775728165832158000,5.205157958984375,2.8802247047424316,-4.084507942199707,2.142810583114624
1775728165842198300,5.2151982421875,3.004723072052002,-4.005499362945557,2.140416383743286
1775728165852299500,5.225299560546875,3.028665065765381,-3.9695863723754883,2.27209734916687
1775728165862370300,5.235370361328125,3.141192674636841,-3.8738183975219727,2.564189910888672
1775728165872471600,5.245471435546875,3.375824451446533,-3.794809579849243,2.779668092727661
1775728165882542300,5.255542236328125,3.6104562282562256,-3.7397429943084717,2.7748796939849854
1775728165892582700,5.265582763671875,3.794809579849243,-3.603273630142212,2.6360161304473877
1775728165932865800,5.30586572265625,4.532223701477051,-3.24414324760437,2.1045033931732178
1775728165942906000,5.315906005859375,4.484339714050293,-3.050212860107422,1.8531121015548706
1775728165953007600,5.326007568359375,4.5609540939331055,-2.9472622871398926,1.7190368175506592
1775728165963078400,5.336078369140625,4.644751071929932,-2.9328970909118652,1.577778935432434
1775728165973118500,5.346118408203125,4.8722004890441895,-3.160346269607544,1.335964560508728
1775728165983158800,5.35615869140625,5.049371242523193,-3.1483752727508545,0.8667010068893433
1775728165993199000,5.36619921875,5.2696380615234375,-3.1531636714935303,0.3064578175544739
1775728166003239400,5.376239501953125,5.25527286529541,-3.064578056335449,-0.08619125932455063
1775728166033390800,5.406390869140625,5.015852451324463,-1.9512743949890137,-0.5147533416748047
1775728166043400400,5.416400390625,4.9799394607543945,-2.0183119773864746,-0.8379706144332886
1775728166053471500,5.426471435546875,4.960785865783691,-2.1164743900299072,-1.2665326595306396
1775728166063481000,5.436481201171875,4.8051629066467285,-2.561795711517334,-1.944091796875
1775728166083622700,5.45662255859375,4.019864559173584,-2.477998733520508,-3.6559460163116455
1775728166093724200,5.46672412109375,3.600879430770874,-2.2361843585968018,-4.730942726135254
1775728166103764200,5.47676416015625,3.2632968425750732,-2.056619167327881,-5.614402770996094
1775728166113804500,5.486804443359375,2.96162748336792,-2.123656988143921,-6.380547523498535
1775728166123784000,5.496783935546875,2.9927520751953125,-2.1715409755706787,-6.92881965637207
1775728166164067000,5.537067138671875,2.846705913543701,-2.671929121017456,-6.598419666290283
1775728166184208600,5.557208740234375,1.8579005002975464,-2.434903144836426,-5.906495571136475
1775728166194279400,5.567279541015625,1.036689281463623,-2.0374655723571777,-5.501875400543213
1775728166204380700,5.577380615234375,-0.0071826050989329815,-1.4748282432556152,-5.135562419891357
1775728166214421000,5.5874208984375,-0.8571242094039917,-0.9361328482627869,-4.81473970413208
1775728166234501600,5.607501708984375,-2.027888774871826,-0.2298433631658554,-4.24970817565918
1775728166244542000,5.6175419921875,-2.4229321479797363,0.004788403399288654,-3.892971992492676
1775728166254612700,5.62761279296875,-2.626439332962036,0.2298433631658554,-3.5625722408294678
1775728166264653000,5.637653076171875,-2.734178304672241,0.45010992884635925,-3.335123062133789
1775728166274723800,5.647723876953125,-2.8203697204589844,0.524330198764801,-3.220201253890991
1775728166284703000,5.657702880859375,-2.8658595085144043,0.646434485912323,-3.3854012489318848
1775728166294804500,5.667804443359375,-2.9472622871398926,0.8355764150619507,-3.5386300086975098
1775728166304875300,5.677875244140625,-3.2776620388031006,0.8762778043746948,-3.687070608139038
1775728166314915600,5.68791552734375,-3.6583402156829834,1.1899182796478271,-3.3638534545898438
1775728166345066800,5.718066650390625,-4.8722004890441895,1.824381709098816,-2.051830768585205
1775728166355107000,5.728107177734375,-5.173870086669922,2.032677173614502,-1.721431016921997
1775728166375218200,5.74821826171875,-5.595249176025391,2.032677173614502,-1.2258312702178955
1775728166385289000,5.7582890625,-5.693411827087402,2.0614075660705566,-1.1037269830703735
1775728166395359700,5.76835986328125,-5.714959621429443,2.2673089504241943,-1.0462661981582642
1775728166405339100,5.778339111328125,-5.537788391113281,2.4851813316345215,-1.1468225717544556
1775728166415410000,5.788409912109375,-5.47075080871582,2.6862943172454834,-1.1994950771331787
1775728166455632100,5.828632080078125,-5.880159378051758,3.4093432426452637,-1.1971008777618408
1775728166465703000,5.838702880859375,-6.069301128387451,3.557783842086792,-1.3192051649093628
1775728166475773700,5.848773681640625,-6.129156112670898,3.818751811981201,-1.5705963373184204
1775728166485783300,5.858783203125,-6.189011573791504,4.048594951629639,-1.5514427423477173
1775728166495884800,5.868884765625,-6.361393928527832,4.350264549255371,-1.482010841369629
1775728166505924900,5.8789248046875,-6.464344501495361,4.714183330535889,-1.3958195447921753
1775728166515965200,5.888965087890625,-6.4164605140686035,4.884171485900879,-1.3455413579940796
1775728166525944600,5.898944580078125,-6.44279670715332,5.0469770431518555,-1.41257905960083
1775728166546086100,5.919086181640625,-6.315904140472412,5.099649429321289,-1.6639702320098877
1775728166576329000,5.949328857421875,-6.2416839599609375,5.082890033721924,-2.4827871322631836
1775728166586338800,5.9593388671875,-6.112396717071533,4.874594688415527,-2.6408045291900635
1775728166606419500,5.97941943359375,-5.817910194396973,4.900930881500244,-3.2609026432037354
1775728166616520700,5.989520751953125,-5.4659624099731445,4.831499099731445,-3.8139634132385254
1775728166626591500,5.999591552734375,-5.236119270324707,4.709394931793213,-4.570530891418457
1775728166666874600,6.03987451171875,-5.477933406829834,4.146757125854492,-7.773972988128662
1775728166687047000,6.060046875,-5.714959621429443,4.127603530883789,-9.433155059814453
1775728166697117700,6.07011767578125,-5.944802761077881,3.93367338180542,-10.02452278137207
1775728166707188500,6.0801884765625,-6.260837554931641,4.098873138427734,-10.38844108581543
1775728166727360500,6.100360595703125,-6.449979305267334,3.928884983062744,-10.65898609161377
1775728166747471600,6.1204716796875,-5.602431774139404,2.715024709701538,-10.807426452636719
1775728166757572900,6.13057275390625,-4.8267107009887695,1.968033790588379,-10.414777755737305
1775728166767613200,6.14061328125,-3.998316764831543,1.2617442607879639,-9.696516990661621
1775728166817936600,6.1909365234375,-0.6177040338516235,-0.8547300100326538,-7.5848307609558105
1775728166827946500,6.200946533203125,-0.2825157940387726,-1.0773907899856567,-7.343016624450684
1775728166918522600,6.291522705078125,0.7422025203704834,-3.2297780513763428,-2.8395233154296875
1775728166928623900,6.301623779296875,0.8355764150619507,-3.1531636714935303,-1.9991583824157715
1775728167009160000,6.382159912109375,2.470816135406494,-4.680664539337158,2.5785553455352783
1775728167039280600,6.41228076171875,2.5761611461639404,-5.085284233093262,3.3207578659057617
1775728167099522300,6.472522216796875,3.931279182434082,-4.924872875213623,4.5394062995910645
1775728167119694600,6.492694580078125,4.599261283874512,-4.197035789489746,4.359841346740723
1775728167129704200,6.5027041015625,4.972756862640381,-3.5673606395721436,3.9456443786621094
1775728167139775000,6.51277490234375,5.185841083526611,-2.8874073028564453,3.421314239501953
1775728167149815300,6.522815185546875,5.128379821777344,-2.4684219360351562,2.8658595085144043
1775728167159825200,6.5328251953125,5.0876784324646,-2.3702597618103027,2.3127987384796143
1775728167169896000,6.54289599609375,4.970362663269043,-2.027888774871826,1.7357962131500244
1775728167220127700,6.593127685546875,4.2951979637146,-1.7764976024627686,-1.070208191871643
1775728167230229200,6.603229248046875,4.395754337310791,-1.5729905366897583,-1.8602946996688843
1775728167240300000,6.613300048828125,4.398148536682129,-1.623268723487854,-2.432508945465088
1775728167250370800,6.623370849609375,4.28322696685791,-1.778891921043396,-2.782062292098999
1775728167270451500,6.643451416015625,3.998316764831543,-1.4676456451416016,-3.141192674636841
1775728167310734600,6.683734619140625,1.2761094570159912,-1.4245500564575195,-4.51067590713501
1775728167320805400,6.693805419921875,0.828393816947937,-1.802833914756775,-5.319916248321533
1775728167330845700,6.703845703125,0.5386953949928284,-2.2673089504241943,-6.162675380706787
1775728167340916500,6.71391650390625,0.5578489899635315,-2.669534921646118,-7.144298076629639
1775728167350987300,6.7239873046875,0.8331822156906128,-3.2752678394317627,-7.9415669441223145
1775728167361058000,6.73405810546875,0.9169792532920837,-3.60566782951355,-8.437167167663574
1775728167371128800,6.74412890625,0.7781155705451965,-3.3662476539611816,-8.01339340209961
1775728167381199600,6.75419970703125,0.5626373887062073,-3.162740468978882,-6.919242858886719
1775728167421513500,6.794513427734375,-2.0231003761291504,-1.2090718746185303,-3.512293815612793
1775728167431584300,6.804584228515625,-2.6408045291900635,-0.6153098344802856,-3.203441858291626
1775728167451695400,6.8246953125,-3.0334534645080566,-0.11252748221158981,-3.2130186557769775
1775728167461766100,6.83476611328125,-3.0526070594787598,0.22744916379451752,-3.471592426300049
1775728167471867400,6.844867431640625,-2.875436305999756,0.4668693244457245,-3.648763418197632
1775728167481968600,6.85496875,-2.7916390895843506,0.6991068720817566,-3.7397429943084717
1775728167492039400,6.865039306640625,-2.8586769104003906,0.8643068075180054,-3.622427225112915
1775728167532383700,6.9053837890625,-3.6942532062530518,1.7070658206939697,-2.2577321529388428
1775728167542454500,6.91545458984375,-3.9480385780334473,1.8411411046981812,-1.867477297782898
1775728167552525300,6.925525390625,-4.218583583831787,2.030282974243164,-1.4317326545715332
1775728167562596000,6.93559619140625,-4.525041103363037,2.319981336593628,-1.0773907899856567
1775728167572667000,6.9456669921875,-4.637568473815918,2.607285737991333,-0.7206547260284424
1775728167582768000,6.95576806640625,-4.853046894073486,2.911349296569824,-0.40701428055763245
1775728167592839200,6.965839111328125,-5.015852451324463,3.134010076522827,-0.19393034279346466
1775728167643101400,7.016101318359375,-5.0876784324646,3.821146011352539,0.3208230137825012
1775728167653111300,7.026111328125,-5.097255229949951,4.003105163574219,0.40701428055763245
1775728167663151600,7.036151611328125,-5.051765441894531,4.084507942199707,0.43095630407333374
1775728167673192000,7.04619189453125,-4.879383087158203,4.326322555541992,0.35913026332855225
1775728167683232000,7.05623193359375,-4.855441093444824,4.517858505249023,0.272938996553421
1775728167693303000,7.066302978515625,-4.843470096588135,4.675876140594482,0.2298433631658554
1775728167703373800,7.076373779296875,-4.838681697845459,4.807557106018066,0.33039984107017517
1775728167723576300,7.096576416015625,-4.991910457611084,4.965574264526367,0.26096799969673157
1775728167743626500,7.11662646484375,-4.759673118591309,4.788403511047363,0.06224924325942993
1775728167763676400,7.136676513671875,-4.443638324737549,4.841075897216797,-0.28969839215278625
1775728167773777700,7.146777587890625,-4.285621166229248,4.537012100219727,-0.5889736413955688
1775728167783848400,7.156848388671875,-4.120420932769775,4.369418144226074,-1.1827356815338135
1775728167793919500,7.16691943359375,-4.0078935623168945,4.369418144226074,-1.6424223184585571
1775728167803929000,7.17692919921875,-3.8810009956359863,4.436455726623535,-1.965639591217041
1775728167814030300,7.1870302734375,-3.713406801223755,4.405331134796143,-2.3367409706115723
1775728167824101400,7.197101318359375,-3.40216064453125,4.347870349884033,-2.82515811920166
1775728167854313700,7.227313720703125,-2.477998733520508,3.9169139862060547,-4.69024133682251
1775728167864415000,7.2374150390625,-2.5330653190612793,3.778050184249878,-5.276820659637451
1775728167874485800,7.24748583984375,-2.4468741416931152,3.890577793121338,-5.87776517868042
1775728167884556500,7.257556640625,-2.6623523235321045,3.825934410095215,-6.452373504638672
1775728167894657800,7.26765771484375,-2.669534921646118,3.6942532062530518,-7.074865818023682
1775728167904759300,7.27775927734375,-3.047818660736084,4.180276393890381,-7.965508937835693
1775728167914830000,7.287830078125,-3.5434184074401855,4.41969633102417,-8.777143478393555
1775728167924839700,7.297839599609375,-4.072536945343018,4.577713489532471,-9.591172218322754
1775728167944981500,7.3179814453125,-4.833893299102783,4.0964789390563965,-10.273519515991211
1775728167955082800,7.328082763671875,-4.7189717292785645,3.5027170181274414,-10.381258964538574
1775728167965123000,7.338123046875,-4.213795185089111,2.7030537128448486,-10.283096313476562
1775728167975224300,7.348224365234375,-3.4835634231567383,1.9943699836730957,-9.967061996459961
1775728167985295000,7.358295166015625,-2.585737943649292,1.1252747774124146,-9.461885452270508
1775728167995335400,7.36833544921875,-1.5298948287963867,0.4812345504760742,-8.480262756347656
1775728168005375700,7.378375732421875,-0.7589619159698486,-0.20111294090747833,-7.405265808105469
1775728168015477000,7.38847705078125,-0.14365209639072418,-0.849941611289978,-6.40927791595459
1775728168035588000,7.408588134765625,0.33518823981285095,-1.4676456451416016,-5.058948040008545
1775728168045659000,7.418658935546875,0.31124621629714966,-1.3455413579940796,-4.513070106506348
1775728168055729700,7.428729736328125,0.3447650372982025,-1.1994950771331787,-4.003105163574219
1775728168065831000,7.438830810546875,0.33518823981285095,-1.1755530834197998,-3.5721490383148193
1775728168075932400,7.448932373046875,0.33279404044151306,-1.1851298809051514,-3.318363666534424
1775728168086003200,7.459003173828125,0.2753331959247589,-1.1540051698684692,-3.0142998695373535
1775728168096074000,7.469073974609375,0.2849099934101105,-1.0845733880996704,-2.6839001178741455
1775728168106144800,7.479144775390625,0.07661445438861847,-1.1683704853057861,-2.1045033931732178
1775728168116185000,7.48918505859375,-0.1412578970193863,-1.3215993642807007,-1.6950948238372803
1775728168126286300,7.499286376953125,-0.3208230137825012,-1.4245500564575195,-1.316810965538025
1775728168146458400,7.519458251953125,-0.2968810200691223,-1.6615760326385498,-0.38307225704193115
1775728168156529200,7.529529052734375,-0.1843535304069519,-1.8938134908676147,0.22026655077934265
1775728168166569500,7.539569580078125,-0.019153613597154617,-2.300827741622925,0.768538773059845
1775728168176579300,7.549579345703125,0.004788403399288654,-2.6168625354766846,1.2545616626739502
1775728168186680600,7.5596806640625,0.31124621629714966,-2.7126305103302,1.7693150043487549
1775728168196781800,7.56978173828125,0.3711012601852417,-2.80361008644104,2.164358377456665
1775728168206852600,7.5798525390625,0.45489832758903503,-2.911349296569824,2.5019407272338867
1775728168216923600,7.589923583984375,0.5410895943641663,-2.9664158821105957,2.8850131034851074
1775728168227025000,7.60002490234375,0.5770025849342346,-3.1028854846954346,3.2393548488616943
1775728168267338500,7.64033837890625,1.2856862545013428,-3.337517261505127,3.9264907836914062
1775728168277378800,7.65037890625,1.3215993642807007,-3.3303346633911133,4.094084739685059
1775728168287419100,7.660419189453125,1.7980455160140991,-3.691859006881714,4.084507942199707
1775728168297429000,7.670428955078125,2.2625205516815186,-3.584120035171509,4.060565948486328
1775728168307530200,7.6805302734375,2.1978771686553955,-3.31118106842041,4.086902141571045
1775728168317601000,7.69060107421875,2.1811177730560303,-3.3255462646484375,3.936067581176758
1775728168327671800,7.700671875,1.9752163887023926,-3.134010076522827,3.861847400665283
1775728168337712000,7.710712158203125,1.745373010635376,-3.023876667022705,3.6822822093963623
1775728168377873200,7.750873046875,3.0861260890960693,-2.964021682739258,2.389413356781006
1775728168387974700,7.760974609375,3.375824451446533,-2.7964274883270264,1.968033790588379
1775728168397984300,7.770984375,3.4189200401306152,-2.5282769203186035,1.5825673341751099
1775728168408055000,7.781054931640625,3.2130186557769775,-2.164358377456665,1.0247182846069336
1775728168418125800,7.791125732421875,3.002328872680664,-1.8339585065841675,0.5650315880775452
1775728168448246800,7.821246826171875,2.875436305999756,-1.161187767982483,-1.2210428714752197
1775728168458287000,7.831287109375,2.6815059185028076,-1.0678139925003052,-1.7262194156646729
1775728168468358000,7.84135791015625,2.449268341064453,-1.1492167711257935,-2.0877439975738525
1775728168478428700,7.8514287109375,2.3750481605529785,-1.2114660739898682,-2.4420857429504395
1775728168488499500,7.86149951171875,2.1332337856292725,-1.5442601442337036,-2.695871114730835
1775728168498600700,7.8716005859375,2.0374655723571777,-1.7741034030914307,-3.141192674636841
1775728168508702200,7.8817021484375,1.8124107122421265,-2.0685901641845703,-3.6583402156829834
1775728168518711800,7.8917119140625,1.5634137392044067,-2.2242133617401123,-4.2951979637146
1775728168528813000,7.90181298828125,1.3287819623947144,-1.965639591217041,-4.965574264526367
1775728168548955000,7.921954833984375,1.0055646896362305,-1.37906014919281,-5.959167957305908
1775728168569096400,7.942096435546875,1.3287819623947144,-1.3670891523361206,-6.1315507888793945
1775728168579167200,7.952167236328125,1.460463047027588,-1.3886369466781616,-6.009446144104004
1775728168589176800,7.9621767578125,1.5155296325683594,-1.6184803247451782,-5.506663799285889
1775728168599186700,7.972186767578125,1.335964560508728,-1.702277421951294,-4.517858505249023
1775728168609257500,7.982257568359375,0.9696516990661621,-1.6639702320098877,-3.5482068061828613
1775728168619358700,7.992358642578125,0.43335050344467163,-1.5059528350830078,-3.0142998695373535
1775728168629429500,8.002429443359375,-0.07661445438861847,-1.3551181554794312,-2.868253707885742
1775728168649510100,8.02251025390625,-0.9600749015808105,-0.7445967197418213,-2.7246015071868896
1775728168659581000,8.032580810546875,-1.259350061416626,-0.363918662071228,-2.87064790725708
1775728168669682400,8.042682373046874,-1.556231141090393,-0.06703764945268631,-2.9688100814819336
1775728168679753200,8.052753173828124,-1.7573440074920654,0.21308395266532898,-2.851494312286377
1775728168689824000,8.062823974609374,-1.9321208000183105,0.5267243981361389,-2.6024973392486572
1775728168699894800,8.072894775390624,-1.8531121015548706,0.730231523513794,-2.3942017555236816
1775728168709904400,8.082904296875,-1.845929503440857,0.8140285611152649,-2.343923568725586
1775728168719914200,8.092914306640624,-1.944091796875,0.9624691009521484,-2.4013843536376953
1775728168730015500,8.103015380859375,-2.1930887699127197,1.1540051698684692,-2.3702597618103027
1775728168770268200,8.14326806640625,-3.270479440689087,1.8100165128707886,-1.4269442558288574
1775728168780308500,8.15330859375,-3.5242648124694824,1.9967641830444336,-1.1899182796478271
1775728168790409700,8.16340966796875,-3.598485231399536,2.1140801906585693,-0.8020575642585754
1775728168800480800,8.173480712890624,-3.60566782951355,2.2625205516815186,-0.6440402865409851
1775728168810551600,8.183551513671874,-3.531447410583496,2.4372973442077637,-0.4429273009300232
1775728168820622300,8.193622314453124,-3.641580820083618,2.6024973392486572,-0.4189853072166443
1775728168830632000,8.2036318359375,-3.73016619682312,2.628833532333374,-0.3064578175544739
1775728168840641800,8.213641845703124,-3.8307228088378906,2.6384103298187256,-0.21308395266532898
1775728168860844500,8.233844482421874,-4.015076160430908,2.868253707885742,-0.16519992053508759
1775728168870884600,8.243884521484375,-4.177882194519043,3.0119056701660156,-0.40940847992897034
1775728168880894500,8.25389453125,-4.378994941711426,3.179499864578247,-0.48602294921875
1775728168901036000,8.2740361328125,-4.592078685760498,3.4548330307006836,-0.24181437492370605
1775728168911106800,8.28410693359375,-4.716577529907227,3.754108190536499,-0.11252748221158981
1775728168921208000,8.2942080078125,-4.572925090789795,3.9408559799194336,-0.1173158809542656
1775728168931279000,8.304279052734374,-4.438849925994873,4.173093795776367,-0.22744916379451752
1775728168971501000,8.3445009765625,-4.235342979431152,4.692635536193848,-1.0414776802062988
1775728168981541400,8.354541259765625,-4.271255970001221,4.592078685760498,-1.0678139925003052
1775728168991643000,8.364642822265624,-4.405331134796143,4.659116744995117,-1.1492167711257935
1775728169001713700,8.374713623046874,-4.357447147369385,4.704606533050537,-1.3215993642807007
1775728169011784400,8.384784423828124,-4.359841346740723,4.707000732421875,-1.5945383310317993
1775728169021855200,8.394855224609374,-4.163516521453857,4.747702121734619,-1.9728221893310547
1775728169031926000,8.404926025390624,-4.003105163574219,4.738125324249268,-2.3726539611816406
1775728169041996800,8.414996826171874,-3.7828385829925537,4.721365928649902,-2.9927520751953125
1775728169052067600,8.425067626953124,-3.7397429943084717,4.876988887786865,-3.5649664402008057
1775728169082249500,8.45524951171875,-3.7445313930511475,4.865017890930176,-4.771644115447998
1775728169092350700,8.465350830078124,-3.687070608139038,4.920084476470947,-5.355829238891602
1775728169102421500,8.47542138671875,-3.7014358043670654,4.824316501617432,-6.253654956817627
1775728169112523000,8.48552294921875,-3.93367338180542,4.850652694702148,-7.2137298583984375
1775728169122532600,8.49553271484375,-4.175487995147705,4.546588897705078,-8.224082946777344
1775728169132633900,8.5056337890625,-4.395754337310791,4.599261283874512,-8.968679428100586
1775728169142705000,8.515704833984374,-4.534617900848389,4.417302131652832,-9.141061782836914
1775728169152775700,8.525775634765624,-4.299986362457275,4.137180328369141,-9.083600997924805
1775728169182926800,8.5559267578125,-2.896984100341797,2.389413356781006,-8.863334655761719
1775728169192967200,8.56596728515625,-2.2816741466522217,1.766920804977417,-8.274360656738281
1775728169202946600,8.575946533203124,-1.5682021379470825,1.1252747774124146,-7.570465564727783
1775728169213047800,8.5860478515625,-0.9576807022094727,0.6775590777397156,-6.89530086517334
1775728169223118600,8.59611865234375,-0.40940847992897034,0.2777273952960968,-6.229712963104248
1775728169233159000,8.606158935546874,-0.011971008032560349,0.021547814831137657,-5.521028995513916
1775728169243168500,8.61616845703125,0.33997663855552673,-0.18914192914962769,-4.9799394607543945
1775728169253239600,8.626239501953124,0.5578489899635315,-0.17956513166427612,-4.546588897705078
1775728169273350400,8.646350341796875,0.7206547260284424,-0.18914192914962769,-4.082113742828369
1775728169283421400,8.65642138671875,0.7158663272857666,-0.10534487664699554,-3.8977603912353516
1775728169293522700,8.666522705078124,0.6153098344802856,-0.10534487664699554,-3.7469255924224854
1775728169303532300,8.6765322265625,0.4357447028160095,-0.26575639843940735,-3.2106244564056396
1775728169313603300,8.686603271484374,0.2585737705230713,-0.37828385829925537,-2.674323320388794
1775728169323643400,8.696643310546875,-0.05746084079146385,-0.42377370595932007,-1.987187385559082
1775728169333714200,8.706714111328125,-0.31603461503982544,-0.6129156351089478,-1.316810965538025
1775728169343754500,8.71675439453125,-0.5003881454467773,-0.8331822156906128,-0.7206547260284424
1775728169353825300,8.7268251953125,-0.5363011956214905,-0.8307880163192749,-0.20111294090747833
1775728169394047500,8.767047607421874,0.11252748221158981,-1.5705963373184204,0.950498104095459
1775728169404118300,8.7771181640625,0.23702596127986908,-1.766920804977417,1.235408067703247
1775728169414219800,8.7872197265625,0.29209262132644653,-2.078166961669922,1.678335428237915
1775728169424259800,8.797259765625,0.47165772318840027,-2.365471363067627,2.10210919380188
1775728169434361300,8.807361328125,0.507570743560791,-2.8131868839263916,2.5067291259765625
1775728169444371000,8.817370849609375,0.6655880808830261,-3.203441858291626,2.9041666984558105
1775728169454472400,8.827472412109374,0.7422025203704834,-3.399766445159912,3.2632968425750732
1775728169464543200,8.837543212890624,0.8092401623725891,-3.536235809326172,3.579331636428833
1775728169484654300,8.857654296875,1.4460978507995605,-3.754108190536499,3.8714241981506348
1775728169494694400,8.8676943359375,1.6903064250946045,-3.689464807510376,3.754108190536499
1775728169504765400,8.877765380859374,1.742978811264038,-3.512293815612793,3.5458126068115234
1775728169514836200,8.887836181640624,1.766920804977417,-3.3877954483032227,3.3470940589904785
1775728169524876300,8.897876220703125,1.7621324062347412,-3.222595453262329,3.3854012489318848
1775728169534916600,8.90791650390625,2.0446481704711914,-3.224989652633667,3.2393548488616943
1775728169544987400,8.9179873046875,2.3487119674682617,-3.026270866394043,2.980781078338623
1775728169555058200,8.92805810546875,2.4205379486083984,-2.9305028915405273,2.6192567348480225
1775728169565129000,8.93812890625,2.585737943649292,-2.935291290283203,2.3367409706115723
1775728169585209600,8.958209716796874,2.58813214302063,-2.537853717803955,1.6855180263519287
1775728169595280400,8.9682802734375,2.4636335372924805,-2.4181437492370605,1.4652514457702637
1775728169605320700,8.97832080078125,2.449268341064453,-2.3535003662109375,1.4437036514282227
1775728169625462300,8.998462158203125,2.190694570541382,-1.802833914756775,0.768538773059845
1775728169635472100,9.00847216796875,2.3702597618103027,-1.7764976024627686,0.37828385829925537
1775728169645573400,9.018573486328124,2.5689783096313477,-1.5514427423477173,-0.20111294090747833
1775728169655583200,9.028583251953124,2.580949544906616,-1.4221558570861816,-0.8331822156906128
1775728169665592800,9.0385927734375,2.655169725418091,-1.2737152576446533,-1.3192051649093628
1775728169685643000,9.05864306640625,2.6455929279327393,-0.9169792532920837,-1.7046716213226318
1775728169695744300,9.068744140625,2.6001031398773193,-0.8954314589500427,-1.9273324012756348
1775728169705845800,9.078845703125,2.499546527862549,-0.7541735172271729,-2.3104045391082764
1775728169715885800,9.0888857421875,2.4803929328918457,-0.569819986820221,-2.875436305999756
1775728169725926100,9.098926025390625,2.2697031497955322,-0.40940847992897034,-3.737348794937134
1775728169735997000,9.108996826171875,1.8579005002975464,-0.24899697303771973,-4.73573112487793
1775728169746067700,9.119067626953125,1.5682021379470825,-0.18914192914962769,-5.633556365966797
1775728169756138500,9.129138427734375,1.4197616577148438,-0.24181437492370605,-6.347028732299805
1775728169766178800,9.1391787109375,1.3718775510787964,-0.17238251864910126,-6.873753070831299
1775728169776249600,9.14924951171875,1.5825673341751099,-0.3974374830722809,-6.998251438140869
1775728169806462200,9.179462158203124,1.9393033981323242,-0.9265560507774353,-5.937620162963867
1775728169816563500,9.1895634765625,1.8938134908676147,-1.0055646896362305,-5.137956619262695
1775728169826634200,9.19963427734375,1.577778935432434,-1.0055646896362305,-4.206612586975098
1775728169836735500,9.209735595703124,1.1563993692398071,-0.7398083209991455,-3.2632968425750732
1775728169846806300,9.21980615234375,0.5626373887062073,-0.48602294921875,-2.410961151123047
1775728169856877000,9.229876953125,-0.24660277366638184,-0.10295066982507706,-1.764526605606079
1775728169866917400,9.23991748046875,-0.9145850539207458,0.28730419278144836,-1.4197616577148438
1775728169876988200,9.24998828125,-1.580173134803772,0.6823474764823914,-1.2521674633026123
1775728169897129700,9.270129638671875,-2.1571757793426514,1.072602391242981,-1.580173134803772
1775728169917271300,9.290271240234375,-1.9321208000183105,1.2880805730819702,-2.0638017654418945
1775728169927311600,9.3003115234375,-1.7980455160140991,1.4437036514282227,-2.233790159225464
1775728169937382400,9.31038232421875,-1.7190368175506592,1.3311761617660522,-2.298433542251587
1775728169947484000,9.32048388671875,-1.6759412288665771,1.3670891523361206,-2.1284453868865967
1775728169957554700,9.3305546875,-1.7477672100067139,1.2665326595306396,-1.7932571172714233
1775728169967625500,9.34062548828125,-1.946485996246338,1.2473790645599365,-1.2976573705673218
1775728169977635000,9.350635009765625,-2.1763293743133545,1.2282254695892334,-0.9648633003234863
1775728169987675400,9.36067529296875,-2.410961151123047,1.460463047027588,-0.6655880808830261
1775728170017918500,9.39091845703125,-3.380612850189209,1.7956513166427612,0.07422025501728058
1775728170027989200,9.4009892578125,-3.6152446269989014,1.9321208000183105,0.26336219906806946
1775728170037998800,9.410998779296875,-3.7205893993377686,2.030282974243164,0.4118026793003082
1775728170048039200,9.4210390625,-3.8355112075805664,2.0446481704711914,0.49799394607543945
1775728170058049000,9.431049072265624,-3.909731388092041,2.0207061767578125,0.6320692300796509
1775728170068150300,9.441150390625,-3.9001545906066895,2.0398597717285156,0.6392518281936646
1775728170078221000,9.451220947265625,-3.845088005065918,2.0207061767578125,0.7422025203704834
1775728170088291800,9.461291748046875,-3.9049429893493652,1.9512743949890137,0.7182605266571045
1775728170118535000,9.491534912109374,-3.4548330307006836,2.5498247146606445,0.7158663272857666
1775728170128605700,9.501605712890624,-3.507505416870117,2.6647465229034424,0.667982280254364
1775728170138646000,9.51164599609375,-3.6990416049957275,2.983175277709961,0.6655880808830261
1775728170148686300,9.521686279296874,-3.8067808151245117,3.177105665206909,0.6440402865409851
1775728170158757000,9.531757080078124,-3.909731388092041,3.31118106842041,0.5051765441894531
1775728170168797200,9.541797119140625,-4.010287761688232,3.4380736351013184,0.395043283700943
1775728170178868200,9.5518681640625,-3.993528366088867,3.5218706130981445,0.3016694188117981
1775728170188939000,9.56193896484375,-3.936067581176758,3.5194764137268066,0.2346317619085312
1775728170229161000,9.602160888671875,-3.732560396194458,4.185064792633057,-1.237802267074585
1775728170239262500,9.612262451171874,-3.780444383621216,4.321534156799316,-1.6376339197158813
1775728170249272000,9.62227197265625,-3.9480385780334473,4.266467571258545,-2.0805611610412598
1775728170259373600,9.63237353515625,-3.8714241981506348,4.326322555541992,-2.5761611461639404
1775728170269383200,9.642383056640625,-3.7469255924224854,4.019864559173584,-3.220201253890991
1775728170279484700,9.652484619140624,-3.7253777980804443,3.804386615753174,-3.845088005065918
1775728170289524700,9.662524658203125,-3.5865142345428467,3.8307228088378906,-4.486733913421631
1775728170299595500,9.672595458984375,-3.4356794357299805,3.7924153804779053,-4.742913722991943
1775728170329808100,9.70280810546875,-2.875436305999756,3.60566782951355,-5.846640586853027
1775728170339879000,9.71287890625,-2.978386878967285,3.600879430770874,-6.208165168762207
1775728170349949700,9.72294970703125,-3.064578056335449,3.3039982318878174,-6.763619899749756
1775728170360020500,9.7330205078125,-3.2848446369171143,3.00711727142334,-7.4555439949035645
1775728170370060800,9.743060791015624,-3.490746021270752,2.497152328491211,-8.195352554321289
1775728170380101000,9.75310107421875,-3.663128614425659,2.432508945465088,-8.710105895996094
1775728170390172000,9.763171875,-3.778050184249878,2.166752576828003,-8.702922821044922
1775728170400242700,9.77324267578125,-3.6367924213409424,2.205059766769409,-8.848969459533691
1775728170410313500,9.7833134765625,-3.1459810733795166,2.6815059185028076,-8.760383605957031
1775728170460697900,9.83369775390625,0.2944868206977844,1.7405846118927002,-4.611232280731201
1775728170470738200,9.84373828125,0.181959331035614,2.4875755310058594,-3.5003228187561035
1775728170480809000,9.85380908203125,-0.1364694982767105,2.920926094055176,-2.8371291160583496
1775728170490879700,9.863879638671875,-0.5506663918495178,3.1435868740081787,-2.4133553504943848
1775728170500920000,9.873920166015624,-0.9409212470054626,3.3901896476745605,-2.2170307636260986
1775728170510990800,9.883990966796874,-1.1683704853057861,3.5625722408294678,-2.10210919380188
1775728170551274000,9.92427392578125,-1.1540051698684692,3.0334534645080566,-1.2210428714752197
1775728170561314300,9.934314208984375,-1.1013327836990356,2.542642116546631,-0.8978256583213806
1775728170571385000,9.944385009765625,-0.9600749015808105,1.9249382019042969,-0.5722141861915588
1775728170581425400,9.95442529296875,-0.8307880163192749,1.2234370708465576,-0.3256114423274994
1775728170591465700,9.9644658203125,-0.7230489253997803,-0.3711012601852417,-0.12210428714752197
1775728170601536500,9.97453662109375,-0.49799394607543945,-1.8555063009262085,0.21308395266532898
1775728170611637800,9.9846376953125,-0.3998316824436188,-2.1140801906585693,0.6129156351089478
1775728170621739300,9.9947392578125,-0.304063618183136,-1.9488801956176758,1.0079588890075684
1775728170672001500,10.04500146484375,0.12210428714752197,-2.1930887699127197,2.6815059185028076
1775728170682011400,10.055011474609374,0.2561795711517334,-1.8315643072128296,2.9903578758239746
1775728170692082200,10.065082275390624,0.4381389021873474,-1.3646949529647827,3.1914708614349365
1775728170702183400,10.075183349609375,0.6919242739677429,-1.0271124839782715,3.3016040325164795
1775728170712223700,10.0852236328125,0.8690952062606812,-0.828393816947937,3.3494882583618164
1775728170722264000,10.09526416015625,1.1779472827911377,-0.6320692300796509,3.2824504375457764
1775728170762547200,10.135547119140625,1.98958158493042,-0.8762778043746948,2.911349296569824
1775728170772648700,10.145648681640624,2.030282974243164,-1.2521674633026123,2.717418909072876
1775728170782719500,10.155719482421874,2.070984363555908,-1.7812861204147339,2.38462495803833
1775728170792759800,10.165759765625,2.097320795059204,-1.6879122257232666,2.094926595687866
1775728170802799900,10.1757998046875,2.3295583724975586,-1.5179238319396973,1.7381904125213623
1775728170812871000,10.185870849609374,2.561795711517334,-1.3239935636520386,1.4221558570861816
1775728170822941700,10.195941650390624,2.7533318996429443,-1.290474772453308,0.933738648891449
1775728170853154000,10.226154052734374,2.674323320388794,-0.9026140570640564,-0.26096799969673157
1775728170873326000,10.246326171875,2.698265314102173,-0.9457096457481384,-0.8690952062606812
1775728170883396900,10.25639697265625,2.7940332889556885,-1.2521674633026123,-1.2186486721038818
1775728170893406700,10.26640673828125,2.829946517944336,-1.4460978507995605,-1.357512354850769
1775728170903508000,10.276508056640624,2.8395233154296875,-1.5729905366897583,-1.4939818382263184
1775728170913609200,10.286609130859375,2.786850690841675,-1.7884687185287476,-1.5203180313110352
1775728170923680000,10.296679931640625,2.6839001178741455,-1.8986018896102905,-1.678335428237915
1775728170933751000,10.3067509765625,2.7054479122161865,-1.9728221893310547,-1.7525556087493896
1775728170943760600,10.3167607421875,2.6216509342193604,-2.099714994430542,-2.161964178085327
1775728170963871700,10.336871826171874,2.4684219360351562,-1.8076223134994507,-3.5242648124694824
1775728170973881600,10.346881591796874,2.0685901641845703,-1.6304513216018677,-4.675876140594482
1775728170983922000,10.356921875,1.7549498081207275,-1.5514427423477173,-5.925649166107178
1775728170993931500,10.366931640625,1.7286136150360107,-1.5179238319396973,-5.940014362335205
1775728171004033000,10.377032958984374,1.460463047027588,-1.7573440074920654,-7.06528902053833
1775728171024144000,10.397143798828125,1.455674648284912,-2.719813108444214,-7.953537940979004
1775728171034214700,10.407214599609375,1.6160861253738403,-3.464409828186035,-8.087613105773926
1775728171044285700,10.41728564453125,1.6663644313812256,-4.201824188232422,-7.807491779327393
1775728171064427300,10.43742724609375,1.3886369466781616,-5.161899089813232,-6.246472358703613
1775728171074467600,10.447467529296874,0.8523358106613159,-4.596867084503174,-5.547365188598633
1775728171084538400,10.457538330078124,0.10773907601833344,-3.2345664501190186,-4.95120906829834
1775728171094609200,10.467609130859374,-0.6368576288223267,-1.8531121015548706,-4.651933670043945
1775728171104680000,10.477679931640624,-1.3527239561080933,-0.7254431247711182,-4.381389141082764
1775728171114689500,10.487689453125,-2.011129379272461,0.16998831927776337,-4.039018154144287
1775728171124791000,10.497791015625,-2.5115175247192383,0.8906430602073669,-3.7038300037384033
1775728171134861800,10.50786181640625,-2.8155810832977295,1.4963760375976562,-3.3854012489318848
1775728171144932600,10.5179326171875,-3.043030261993408,1.8986018896102905,-3.043030261993408
1775728171175114500,10.548114501953124,-3.160346269607544,2.4181437492370605,-2.0183119773864746
1775728171185185300,10.558185302734374,-3.0334534645080566,2.5929205417633057,-1.678335428237915
1775728171195225600,10.5682255859375,-3.0526070594787598,2.47560453414917,-1.3646949529647827
1775728171205296400,10.57829638671875,-2.980781078338623,2.473210334777832,-1.070208191871643
1775728171215397600,10.588397705078124,-3.1435868740081787,2.5258827209472656,-0.8092401623725891
1775728171225468400,10.598468505859374,-3.3039982318878174,2.6575639247894287,-0.5913678407669067
1775728171235478300,10.608478271484374,-3.5410242080688477,2.9089550971984863,-0.37828385829925537
1775728171255650300,10.628650390625,-4.089296340942383,3.066972494125366,0.009576806798577309
1775728171265690600,10.638690673828124,-4.376600742340088,3.2632968425750732,0.1364694982767105
1775728171275792000,10.6487919921875,-4.522646903991699,3.423708438873291,0.07422025501728058
1775728171285893000,10.65889306640625,-4.831499099731445,3.512293815612793,0.004788403399288654
1775728171295964200,10.668964111328124,-5.0900726318359375,3.624821424484253,-0.05746084079146385
1775728171306035000,10.679034912109374,-5.365406036376953,3.825934410095215,-0.11013327538967133
1775728171316105700,10.689105712890624,-5.674258232116699,3.9193081855773926,-0.15562310814857483
1775728171326146000,10.69914599609375,-5.892130374908447,4.101267337799072,-0.22266076505184174
1775728171336186000,10.70918603515625,-6.042964935302734,4.235342979431152,-0.3878606855869293
1775728171366337500,10.739337646484374,-6.19379997253418,4.467580318450928,-1.316810965538025
1775728171376408300,10.749408203125,-6.191405773162842,4.443638324737549,-1.7836803197860718
1775728171386448600,10.75944873046875,-6.186617374420166,4.491522312164307,-1.9776105880737305
1775728171396519400,10.76951953125,-6.385335922241211,4.548983097076416,-1.9632453918457031
1775728171406620700,10.77962060546875,-6.476315498352051,4.513070106506348,-1.8579005002975464
1775728171416630500,10.789630615234374,-6.560112476348877,4.637568473815918,-1.8531121015548706
1775728171426701300,10.799701416015624,-6.593631267547607,4.656722068786621,-1.9488801956176758
1775728171436802600,10.809802490234375,-6.457161903381348,4.704606533050537,-2.205059766769409
1775728171446904000,10.819904052734374,-6.234501361846924,4.809951305389404,-2.6240451335906982
1775728171467076000,10.840076171875,-5.87776517868042,4.927267074584961,-3.1076738834381104
1775728171477147000,10.85014697265625,-5.592854976654053,4.934449672698975,-3.318363666534424
1775728171487187200,10.860187255859374,-5.353435039520264,4.874594688415527,-3.5673606395721436
1775728171497258000,10.870258056640624,-5.145139217376709,4.843470096588135,-3.804386615753174
1775728171517430000,10.890429931640625,-4.486733913421631,4.817133903503418,-4.687847137451172
1775728171527531500,10.900531494140624,-4.216189384460449,4.855441093444824,-5.286397457122803
1775728171537571800,10.91057177734375,-3.950432777404785,4.867412090301514,-5.827486991882324
1775728171547581400,10.92058154296875,-3.5721490383148193,4.759673118591309,-6.13633918762207
1775728171577732900,10.95073291015625,-3.579331636428833,4.841075897216797,-7.522581577301025
1775728171587803600,10.9608037109375,-3.9049429893493652,4.90571928024292,-8.17380428314209
1775728171597874400,10.97087451171875,-4.2951979637146,4.838681697845459,-8.796297073364258
1775728171607975700,10.9809755859375,-4.69024133682251,4.786009311676025,-9.327810287475586
1775728171618046500,10.99104638671875,-5.039794445037842,4.534617900848389,-9.653421401977539
1775728171628148000,11.00114794921875,-4.8602294921875,4.027047157287598,-9.804255485534668
1775728171638249200,11.011249267578124,-4.371812343597412,3.2585084438323975,-10.168174743652344
1775728171648320000,11.021320068359374,-3.691859006881714,2.4612393379211426,-10.33098030090332
1775728171658390800,11.031390869140624,-2.765302896499634,1.6759412288665771,-10.036493301391602
1775728171668461600,11.041461669921874,-1.7477672100067139,0.9744400978088379,-9.634267807006836
1775728171688633600,11.061633544921875,-0.043095629662275314,-0.4189853072166443,-8.039729118347168
1775728171698704600,11.07170458984375,0.2825157940387726,-0.8906430602073669,-7.68538761138916
1775728171708775400,11.081775390625,0.5291185975074768,-1.1659762859344482,-7.453149795532227
1775728171718815500,11.0918154296875,0.5889736413955688,-1.4269442558288574,-6.8593878746032715
1775728171728917000,11.1019169921875,0.5195417404174805,-1.357512354850769,-6.160281181335449
1775728171738957300,11.111957275390624,0.3064578175544739,-1.3670891523361206,-5.456385612487793
1775728171749058600,11.12205859375,0.1604115068912506,-1.381454348564148,-4.687847137451172
1775728171759129300,11.13212939453125,-0.004788403399288654,-1.5107412338256836,-3.976768970489502
1775728171769230600,11.142230712890624,-0.13168109953403473,-1.4221558570861816,-3.31118106842041
1775728171789372200,11.1623720703125,-0.545877993106842,-1.3120225667953491,-1.8483237028121948
1775728171799443000,11.17244287109375,-0.5770025849342346,-1.3742717504501343,-1.2497732639312744
1775728171809513700,11.182513671875,-0.5123591423034668,-1.4221558570861816,-0.8786720037460327
1775728171819615200,11.192615234375,-0.13168109953403473,-1.6160861253738403,-0.42616790533065796
1775728171829686000,11.20268603515625,0.0933738648891449,-1.8986018896102905,-0.17717093229293823
1775728171839695600,11.212695556640625,0.3447650372982025,-2.164358377456665,0.2059013396501541
1775728171849736000,11.22273583984375,0.6368576288223267,-2.434903144836426,0.49799394607543945
1775728171859776300,11.2327763671875,0.6631938815116882,-2.8131868839263916,0.9864110946655273
1775728171869847000,11.242846923828125,0.7445967197418213,-3.2130186557769775,1.4077905416488647
1775728171889958100,11.262958251953124,0.8427590131759644,-3.442862033843994,2.434903144836426
1775728171910099700,11.283099609375,1.137245774269104,-3.5242648124694824,3.3686418533325195
1775728171920170500,11.29317041015625,1.522712230682373,-3.5482068061828613,3.514688014984131
1775728171930272000,11.30327197265625,1.7334020137786865,-3.4332852363586426,3.6296098232269287
1775728171940342800,11.3133427734375,1.8818424940109253,-3.3016040325164795,3.6942532062530518
1775728171950413600,11.32341357421875,1.8962076902389526,-3.313575267791748,3.866635799407959
1775728171960423200,11.333423095703125,1.9632453918457031,-3.313575267791748,4.101267337799072
1775728171970524700,11.343524658203124,2.4420857429504395,-3.4165258407592773,4.326322555541992
1775728172010777300,11.38377734375,3.1675288677215576,-3.7636849880218506,3.3255462646484375
1775728172020848000,11.39384814453125,3.5194764137268066,-3.646369218826294,2.964021682739258
1775728172030919000,11.4039189453125,3.823540210723877,-3.708618402481079,2.4684219360351562
1775728172040928800,11.4139287109375,4.062960147857666,-3.624821424484253,1.8794482946395874
1775728172050968800,11.42396875,4.110844135284424,-3.428496837615967,1.4389152526855469
1775728172061070300,11.4340703125,4.120420932769775,-3.1866824626922607,0.9600749015808105
1775728172071141000,11.44414111328125,3.928884983062744,-2.8395233154296875,0.5410895943641663
1775728172081181400,11.454181396484374,3.706224203109741,-2.4468741416931152,0.08379705995321274
1775728172091282700,11.46428271484375,3.3446998596191406,-2.1954829692840576,-0.3734954595565796
1775728172131535400,11.504535400390624,2.604891538619995,-1.1468225717544556,-1.9943699836730957
1775728172141575700,11.51457568359375,2.559401512145996,-0.9983820915222168,-2.205059766769409
1775728172151677000,11.524677001953124,2.5019407272338867,-0.9864110946655273,-2.5665841102600098
1775728172161717200,11.53471728515625,2.5977089405059814,-1.1492167711257935,-3.1435868740081787
1775728172171818500,11.544818603515624,2.561795711517334,-1.2114660739898682,-3.8522706031799316
1775728172181828400,11.554828369140624,2.2457611560821533,-1.455674648284912,-4.60165548324585
1775728172191929600,11.5649296875,1.8483237028121948,-1.256955862045288,-5.389348030090332
1775728172201939500,11.574939453125,1.2497732639312744,-0.8571242094039917,-6.035782337188721
1775728172232151800,11.60515185546875,-0.6919242739677429,0.1843535304069519,-6.88332986831665
1775728172242192100,11.615192138671874,-0.7589619159698486,0.3208230137825012,-7.036558628082275
1775728172252263000,11.625262939453124,-0.2777273952960968,-0.004788403399288654,-7.51779317855835
1775728172262333700,11.635333740234374,0.19393034279346466,-0.19153612852096558,-8.161833763122559
1775728172272404500,11.645404541015624,0.586579442024231,-0.3902548849582672,-8.068459510803223
1775728172282475300,11.655475341796874,0.6224924325942993,-0.5578489899635315,-7.06528902053833
1775728172292546000,11.665546142578124,0.35434186458587646,-0.6799532771110535,-5.415684223175049
1775728172312626700,11.685626708984374,-1.0223240852355957,-0.5291185975074768,-3.1220390796661377
1775728172342778000,11.715778076171874,-3.1747114658355713,1.0103530883789062,-2.0638017654418945
1775728172352849000,11.725848876953124,-3.4596214294433594,1.4628572463989258,-2.0422539710998535
1775728172362919700,11.735919677734374,-3.620033025741577,1.9919757843017578,-2.123656988143921
1775728172372990500,11.745990478515624,-3.691859006881714,2.231395959854126,-2.4803929328918457
1775728172383000000,11.756,-3.6774938106536865,2.1571757793426514,-2.494758129119873
1775728172393040400,11.766040283203125,-3.6774938106536865,1.764526605606079,-2.3965959548950195
1775728172403111200,11.776111083984375,-3.6296098232269287,1.8171991109848022,-2.2912509441375732
1775728172413182000,11.786181884765625,-3.646369218826294,2.0207061767578125,-2.166752576828003
1775728172453404200,11.826404052734375,-4.158728122711182,2.164358377456665,-1.601720929145813
1775728172463444500,11.836444580078124,-4.417302131652832,2.2673089504241943,-1.4245500564575195
1775728172473515300,11.846515380859374,-4.608838081359863,2.499546527862549,-1.2832920551300049
1775728172483555600,11.8565556640625,-4.953603267669678,2.8203697204589844,-1.05105459690094
1775728172493596000,11.866595947265624,-5.281609058380127,3.043030261993408,-0.9361328482627869
1775728172503636200,11.87663623046875,-5.6191911697387695,2.9759926795959473,-0.8834604024887085
1775728172523777800,11.89677783203125,-6.1315507888793945,2.913743495941162,-0.6607996821403503
1775728172543919400,11.91691943359375,-6.155492782592773,2.5043349266052246,-0.47405192255973816
1775728172554020600,11.9270205078125,-6.167463779449463,2.298433542251587,-0.38307225704193115
1775728172564061000,11.93706103515625,-6.007051944732666,2.276885747909546,-0.3758896589279175
1775728172574131700,11.947131591796875,-5.767632007598877,2.449268341064453,-0.363918662071228
1775728172584202500,11.957202392578125,-5.702988624572754,2.628833532333374,-0.27054479718208313
1775728172594273300,11.967273193359375,-5.669469833374023,2.6168625354766846,-0.1867477297782898
1775728172604344000,11.977343994140625,-5.849034786224365,2.669534921646118,-0.2561795711517334
1775728172624516400,11.997516357421874,-6.282385349273682,3.335123062133789,-0.33279404044151306
1775728172634526000,12.00752587890625,-6.256049156188965,3.600879430770874,-0.38546648621559143
1775728172644566300,12.017566162109375,-6.203376770019531,3.732560396194458,-0.4692635238170624
1775728172654576000,12.027576171875,-6.1315507888793945,3.5242648124694824,-0.49559974670410156
1775728172664677400,12.037677490234374,-6.00226354598999,3.600879430770874,-0.6512228846549988
1775728172674748200,12.047748046875,-5.803544998168945,3.8522706031799316,-0.7589619159698486
1775728172684788500,12.05778857421875,-5.626373767852783,3.890577793121338,-0.6751648783683777
1775728172694798300,12.06779833984375,-5.521028995513916,3.9647979736328125,-0.667982280254364
1775728172735020500,12.1080205078125,-4.711789131164551,3.778050184249878,-1.7836803197860718
1775728172745091300,12.11809130859375,-4.2951979637146,3.5266590118408203,-2.1068975925445557
1775728172755162000,12.128162109375,-4.062960147857666,3.315969467163086,-2.164358377456665
1775728172765202400,12.138202392578124,-3.8522706031799316,3.5170822143554688,-2.4229321479797363
1775728172785344000,12.158343994140624,-3.181894063949585,3.7900211811065674,-3.339911460876465
1775728172795445200,12.1684453125,-2.9903578758239746,3.931279182434082,-4.125209331512451
1775728172805516000,12.17851611328125,-2.7557260990142822,3.756502389907837,-4.999093055725098
1775728172845738200,12.21873828125,-2.7940332889556885,3.627215623855591,-7.747636795043945
1775728172855748000,12.228748046875,-3.047818660736084,3.7181951999664307,-8.279149055480957
1775728172865757700,12.2387578125,-3.4332852363586426,3.7229835987091064,-8.774748802185059
1775728172875859000,12.24885888671875,-3.936067581176758,3.8139634132385254,-9.299078941345215
1775728172885868800,12.258868896484374,-4.213795185089111,3.8067808151245117,-9.658209800720215
1775728172896000800,12.269000732421874,-4.398148536682129,3.627215623855591,-10.098742485046387
1775728172906071600,12.279071533203124,-4.242525577545166,3.313575267791748,-10.6925048828125
1775728172946293800,12.319293701171874,-0.9265560507774353,-0.22266076505184174,-9.497797966003418
1775728172956395000,12.32939501953125,-0.28969839215278625,-1.0606313943862915,-8.090007781982422
1775728172966435300,12.339435302734374,0.1628057211637497,-1.6735470294952393,-6.478709697723389
1775728172976506000,12.349506103515624,0.16759411990642548,-2.166752576828003,-4.98472785949707
1775728172986515700,12.359515625,0.031124621629714966,-2.454056739807129,-3.706224203109741
1775728172996617200,12.3696171875,-0.07900865375995636,-2.322375535964966,-2.607285737991333
1775728173006688000,12.37968798828125,-0.19393034279346466,-2.054224967956543,-1.8842366933822632
1775728173016758800,12.3897587890625,-0.10295066982507706,-1.680729627609253,-1.599326729774475
1775728173036900400,12.409900390625,0.22744916379451752,-0.7206547260284424,-1.7118542194366455
1775728173046971100,12.41997119140625,0.6105214357376099,-0.6344634294509888,-1.6831238269805908
1775728173057042000,12.4300419921875,0.6991068720817566,-0.7350199222564697,-1.338358759880066
1775728173067112700,12.44011279296875,0.7613561153411865,-0.8738836050033569,-0.8331822156906128
1775728173077122600,12.45012255859375,0.5434837937355042,-0.8762778043746948,-0.48602294921875
1775728173087163000,12.460162841796874,0.35434186458587646,-0.8212111592292786,-0.033518824726343155
1775728173097264000,12.47026416015625,0.16759411990642548,-0.8020575642585754,0.47644615173339844
1775728173107304400,12.480304443359374,0.15322890877723694,-0.6272808313369751,1.0558429956436157
1775728173117405700,12.49040576171875,0.15322890877723694,-0.6344634294509888,1.3910311460494995
1775728173137547300,12.51054736328125,0.26096799969673157,-0.7781155705451965,2.049436569213867
1775728173147557000,12.52055712890625,0.44532153010368347,-0.9576807022094727,2.319981336593628
1775728173157658400,12.530658447265624,0.49799394607543945,-1.1683704853057861,2.470816135406494
1775728173167668200,12.540668212890624,0.6105214357376099,-1.3551181554794312,2.6384103298187256
1775728173177708500,12.55070849609375,0.7086837291717529,-1.623268723487854,2.806004285812378
1775728173187748600,12.56074853515625,0.7924807667732239,-2.008735179901123,2.9328970909118652
1775728173197850000,12.57085009765625,0.7733271718025208,-2.118868589401245,2.9975404739379883
1775728173207859700,12.580859619140625,0.8020575642585754,-2.207453966140747,3.1268274784088135
1775728173217930500,12.590930419921875,0.6775590777397156,-2.2601263523101807,3.2800562381744385
1775728173248112400,12.6211123046875,1.292868971824646,-1.1971008777618408,2.920926094055176
1775728173258183200,12.63118310546875,1.766920804977417,-0.9840168952941895,2.5330653190612793
1775728173268193000,12.641193115234374,1.745373010635376,-0.6105214357376099,2.1164743900299072
1775728173278294300,12.651294189453125,1.7046716213226318,-0.33279404044151306,1.8171991109848022
1775728173288365000,12.661364990234375,1.460463047027588,-0.028730420395731926,1.7310078144073486
1775728173298405400,12.6714052734375,1.3862427473068237,0.16519992053508759,1.7501614093780518
1775728173308476200,12.68147607421875,1.3742717504501343,0.09576806426048279,1.7860745191574097
1775728173318547000,12.691546875,1.3335703611373901,0.11971008777618408,1.6184803247451782
1775728173328618000,12.701617919921874,1.3718775510787964,0.12689268589019775,1.2617442607879639
1775728173348668000,12.72166796875,1.4173674583435059,0.19153612852096558,0.395043283700943
1775728173358769200,12.73176904296875,1.381454348564148,0.24181437492370605,0.12210428714752197
1775728173368840000,12.74183984375,1.3096283674240112,0.26815059781074524,-0.08619125932455063
1775728173378880300,12.75188037109375,1.3551181554794312,0.33279404044151306,-0.3280056416988373
1775728173399021800,12.772021728515625,1.278503656387329,0.4620809257030487,-0.9026140570640564
1775728173409123300,12.782123291015624,1.1348515748977661,0.6847416758537292,-1.0438719987869263
1775728173419224600,12.792224609375,1.072602391242981,0.8020575642585754,-1.0965443849563599
1775728173429265000,12.802264892578124,0.9888052940368652,0.8451532125473022,-1.2258312702178955
1775728173469548000,12.842548095703124,0.6153098344802856,0.4429273009300232,-2.671929121017456
1775728173479588400,12.85258837890625,0.2944868206977844,0.5578489899635315,-2.940079689025879
1775728173489689600,12.862689697265624,-0.1412578970193863,0.7134721279144287,-3.512293815612793
1775728173499760400,12.872760498046874,-0.524330198764801,0.8451532125473022,-4.017470359802246
1775728173509861600,12.882861572265625,-0.7422025203704834,0.933738648891449,-4.668693542480469
1775728173519932700,12.8929326171875,-0.7852981686592102,0.8762778043746948,-5.140350818634033
1775728173530003500,12.90300341796875,-0.730231523513794,0.7733271718025208,-5.295974254608154
1775728173540074200,12.91307421875,-0.47405192255973816,0.7876923680305481,-5.398924827575684
1775728173560185300,12.933185302734374,0.07182604819536209,0.2561795711517334,-5.39174222946167
1775728173570286600,12.94328662109375,0.2944868206977844,-0.22266076505184174,-4.946420669555664
1775728173580357400,12.953357421875,0.37828385829925537,-0.5554547905921936,-4.400542736053467
1775728173590397700,12.963397705078124,0.1388636976480484,-0.8044517636299133,-3.7229835987091064
1775728173600468500,12.973468505859374,-0.12689268589019775,-0.7852981686592102,-3.0142998695373535
1775728173610539300,12.983539306640624,-0.5051765441894531,-0.6009446382522583,-2.3032219409942627
1775728173620640500,12.993640625,-1.036689281463623,-0.48602294921875,-1.6208745241165161
1775728173630741800,13.00374169921875,-1.4867992401123047,-0.22026655077934265,-1.2401964664459229
1775728173640751600,13.013751708984374,-1.941697597503662,0.14365209639072418,-1.0965443849563599
1775728173650852900,13.023852783203125,-2.300827741622925,0.35673606395721436,-1.2713210582733154
1775728173660923600,13.033923583984375,-2.494758129119873,0.6105214357376099,-1.7501614093780518
1775728173691075000,13.064074951171875,-2.4588451385498047,0.8954314589500427,-2.6431987285614014
1775728173701176600,13.074176513671874,-2.3558945655822754,0.7541735172271729,-2.535459518432617
1775728173711247400,13.084247314453124,-2.3582887649536133,0.8619126081466675,-2.205059766769409
1775728173721348600,13.0943486328125,-2.341529369354248,0.9002198576927185,-1.8579005002975464
1775728173731419400,13.10441943359375,-2.4899697303771973,0.9959878921508789,-1.4628572463989258
1775728173741490200,13.114490234375,-2.715024709701538,1.137245774269104,-1.0342950820922852
1775728173751500000,13.1245,-3.0550012588500977,1.2641384601593018,-0.727837324142456
1775728173781620700,13.154620849609374,-4.003105163574219,1.656787633895874,0.33279404044151306
1775728173791630600,13.164630615234374,-4.201824188232422,1.8339585065841675,0.5602431893348694
1775728173801701400,13.174701416015624,-4.268861770629883,1.8938134908676147,0.4884171485900879
1775728173811711200,13.184711181640624,-4.271255970001221,1.7597382068634033,0.6129156351089478
1775728173821812500,13.1948125,-4.331110954284668,1.7166426181793213,0.7350199222564697
1775728173831883300,13.20488330078125,-4.307168960571289,1.7286136150360107,0.8068459630012512
1775728173841954000,13.2149541015625,-4.32871675491333,1.7717092037200928,0.8667010068893433
1775728173852024800,13.22502490234375,-4.311957359313965,1.742978811264038,0.8690952062606812
1775728173882237200,13.2552373046875,-4.304774761199951,2.008735179901123,0.5889736413955688
1775728173892247000,13.2652470703125,-4.2975921630859375,2.1571757793426514,0.45250412821769714
1775728173902378800,13.275378662109375,-4.335899353027344,2.3032219409942627,0.3998316824436188
1775728173922520300,13.295520263671875,-4.388571739196777,2.5043349266052246,0.2968810200691223
1775728173932591400,13.30559130859375,-4.314351558685303,2.607285737991333,0.3016694188117981
1775728173942692600,13.315692626953124,-4.280832767486572,2.5474305152893066,0.28969839215278625
1775728173952763400,13.325763427734374,-4.338293552398682,2.516305923461914,0.1843535304069519
1775728173972905000,13.345905029296874,-4.505887508392334,2.4803929328918457,-0.08140286058187485
1775728173982945300,13.3559453125,-4.594472885131836,2.583343744277954,-0.10773907601833344
1775728173993046500,13.366046630859374,-4.663905143737793,2.583343744277954,-0.19393034279346466
1775728174003117300,13.376117431640624,-4.441244125366211,2.473210334777832,-0.27054479718208313
1775728174013096700,13.3860966796875,-4.146757125854492,2.2840683460235596,-0.4812345504760742
1775728174023167500,13.39616748046875,-3.909731388092041,2.0661959648132324,-0.7254431247711182
1775728174033177000,13.406177001953125,-3.5458126068115234,1.778891921043396,-1.0295066833496094
1775728174043278600,13.416278564453124,-3.2800562381744385,1.4197616577148438,-1.2832920551300049
1775728174053379800,13.4263798828125,-3.141192674636841,1.0965443849563599,-1.6519991159439087
1775728174093632500,13.466632568359374,-1.8938134908676147,1.2952631711959839,-1.7477672100067139
1775728174103703300,13.476703369140624,-1.7190368175506592,1.3670891523361206,-1.7764976024627686
1775728174113804500,13.486804443359375,-1.4724340438842773,1.292868971824646,-1.9536685943603516
1775728174123875300,13.496875244140625,-1.0199298858642578,1.1994950771331787,-2.099714994430542
1775728174133946000,13.506946044921875,-0.7876923680305481,0.6488286852836609,-2.454056739807129
1775728174144017200,13.51701708984375,-0.5817909836769104,0.5123591423034668,-2.7940332889556885
1775728174154088000,13.527087890625,-0.43095630407333374,0.6584054827690125,-3.1004912853240967
1775728174164128000,13.5371279296875,-0.40940847992897034,0.5674257874488831,-3.423708438873291
1775728174194371000,13.56737109375,-0.7326257228851318,0.6584054827690125,-5.023035049438477
1775728174204411400,13.577411376953124,-0.9385270476341248,0.6991068720817566,-5.43723201751709
1775728174214451700,13.58745166015625,-1.137245774269104,0.8810662031173706,-5.8442463874816895
1775728174234562600,13.6075625,-1.357512354850769,1.0319008827209473,-6.806715488433838
1775728174244664000,13.6176640625,-1.2234370708465576,0.9672574996948242,-7.180211067199707
1775728174254673700,13.627673583984375,-0.9888052940368652,0.7374141216278076,-7.354987621307373
1775728174264744400,13.637744384765625,-0.31364041566848755,0.23702596127986908,-7.393294811248779
1775728174304997400,13.677997314453124,1.5921441316604614,-1.2617442607879639,-4.742913722991943
1775728174315068200,13.688068115234374,1.8938134908676147,-1.4197616577148438,-3.689464807510376
1775728174325139000,13.698138916015624,1.7932571172714233,-1.4484920501708984,-2.674323320388794
1775728174335179300,13.70817919921875,1.534683346748352,-1.3934253454208374,-1.6687586307525635
1775728174345219300,13.71821923828125,1.0797849893569946,-1.1180921792984009,-0.7948749661445618
1775728174355259600,13.728259765625,0.6057330369949341,-0.7469909191131592,-0.22744916379451752
1775728174365330400,13.738330322265625,0.16759411990642548,-0.2082955539226532,0.2801215946674347
1775728174385472000,13.758471923828125,-0.45489832758903503,0.5985504388809204,0.629675030708313
1775728174395542800,13.768542724609375,-0.6033388376235962,0.7829039692878723,0.6320692300796509
1775728174405613800,13.77861376953125,-0.689530074596405,0.849941611289978,0.5722141861915588
1775728174415715000,13.788715087890624,-0.8571242094039917,0.9528923034667969,0.6129156351089478
1775728174425785900,13.798785888671874,-1.039083480834961,1.048660397529602,0.667982280254364
1775728174435856600,13.808856689453124,-1.4293384552001953,1.094150185585022,0.6727706789970398
1775728174445958000,13.8189580078125,-1.6543933153152466,1.1994950771331787,0.7110779285430908
1775728174456028700,13.829028564453125,-1.9608511924743652,1.213860273361206,0.8978256583213806
1775728174466130200,13.839130126953124,-2.0901381969451904,1.216254472732544,0.7876923680305481
1775728174496312000,13.86931201171875,-2.3104045391082764,0.7493851184844971,0.9002198576927185
1775728174506382800,13.8793828125,-2.3080103397369385,0.4668693244457245,0.9816226959228516
1775728174516453600,13.88945361328125,-2.248155355453491,0.3016694188117981,1.1468225717544556
1775728174536625700,13.909625732421874,-2.3271639347076416,0.08619125932455063,1.4173674583435059
1775728174546696400,13.919696533203124,-2.3726539611816406,-0.028730420395731926,1.4173674583435059
1775728174556767200,13.929767333984374,-2.3080103397369385,0.021547814831137657,1.558625340461731
1775728174566807600,13.9398076171875,-2.1475989818573,-0.038307227194309235,1.6352397203445435
1775728174576878300,13.94987841796875,-2.1092917919158936,0.1149216815829277,1.501164436340332
1775728174607090700,13.980090576171875,-2.760514497756958,0.26096799969673157,1.2186486721038818
1775728174617161500,13.990161376953125,-2.889801502227783,0.16759411990642548,1.1252747774124146
1775728174627201800,14.000201904296874,-2.87064790725708,-0.05985504388809204,0.9265560507774353
1775728174637242000,14.0102421875,-2.829946517944336,-0.36152446269989014,0.7206547260284424
1775728174647252000,14.020251953125,-2.719813108444214,-0.5650315880775452,0.5003881454467773
1775728174657353200,14.030353271484374,-2.516305923461914,-0.8595184087753296,0.26575639843940735
1775728174667424000,14.040424072265624,-2.4133553504943848,-1.1851298809051514,0.17477671802043915
1775728174677494800,14.050494873046874,-2.250549554824829,-1.2497732639312744,0.08619125932455063
