time,seconds_elapsed,relativeAltitude,pressure
1774789948792434400,0.256434326171875,0,1023.359375
1774789948832438500,0.2964384765625,-0.13739776611328125,1023.37646484375
1774789948872441300,0.33644140625,-0.1426849365234375,1023.376708984375
1774789948912435500,0.376435546875,-0.06341552734375,1023.367431640625
1774789948952435700,0.416435791015625,0.0158538818359375,1023.357666015625
1774789948992435500,0.456435546875,0.08983612060546875,1023.3486328125
1774789949032435700,0.496435791015625,0.05812835693359375,1023.3525390625
1774789949072436200,0.536436279296875,0.06341552734375,1023.3515625
1774789949112435700,0.576435791015625,0.01056671142578125,1023.358154296875
1774789949152434700,0.6164345703125,-0.0792694091796875,1023.369384765625
1774789949192439800,0.656439697265625,-0.0475616455078125,1023.365478515625
1774789949232435700,0.696435791015625,0,1023.359619140625
1774789949272436000,0.73643603515625,0.1109771728515625,1023.345947265625
1774789949312435700,0.776435791015625,0.26950836181640625,1023.32666015625
1774789949352435200,0.816435302734375,0.33292388916015625,1023.3193359375
1774789949392434200,0.85643408203125,0.422760009765625,1023.30810546875
1774789949432436700,0.896436767578125,0.385772705078125,1023.312744140625
1774789949472435700,0.936435791015625,0.2906494140625,1023.32421875
1774789949512437800,0.976437744140625,0.2061004638671875,1023.33447265625
1774789949552436700,1.016436767578125,0.2747955322265625,1023.326416015625
1774789949592435700,1.056435791015625,0.3382110595703125,1023.31884765625
1774789949632439000,1.09643896484375,0.41748046875,1023.309326171875
1774789949672436700,1.136436767578125,0.5020294189453125,1023.299072265625
1774789949712436000,1.17643603515625,0.549591064453125,1023.29296875
1774789949752441000,1.216441162109375,0.5865859985351562,1023.288330078125
1774789949792437000,1.25643701171875,0.549591064453125,1023.293212890625
1774789949832436000,1.29643603515625,0.6605682373046875,1023.279541015625
1774789949872436700,1.336436767578125,0.6869888305664062,1023.2763671875
1774789949912437000,1.37643701171875,0.7609710693359375,1023.26708984375
1774789949952436700,1.416436767578125,0.8983688354492188,1023.25048828125
1774789949992435000,1.45643505859375,0.967071533203125,1023.242431640625
1774789950032436000,1.49643603515625,1.1414642333984375,1023.221435546875
1774789950072437000,1.53643701171875,1.2682876586914062,1023.205810546875
1774789950112435700,1.576435791015625,1.2841415405273438,1023.2041015625
1774789950152436200,1.616436279296875,1.2101593017578125,1023.213134765625
1774789950192439000,1.65643896484375,1.18902587890625,1023.215576171875
1774789950232435200,1.696435302734375,1.030487060546875,1023.234619140625
1774789950272438000,1.73643798828125,0.8825225830078125,1023.25244140625
1774789950312436700,1.776436767578125,0.7451171875,1023.269287109375
1774789950352435500,1.816435546875,0.6552810668945312,1023.280029296875
1774789950392442000,1.856442138671875,0.6024398803710938,1023.286865234375
1774789950432435700,1.896435791015625,0.5654449462890625,1023.290771484375
1774789950472435700,1.936435791015625,0.5654449462890625,1023.290771484375
1774789950512439300,1.976439208984375,0.512603759765625,1023.297607421875
1774789950552434400,2.016434326171875,0.512603759765625,1023.297607421875
1774789950592436000,2.05643603515625,0.5601577758789062,1023.291748046875
1774789950632442600,2.096442626953125,0.5020294189453125,1023.298583984375
1774789950672435700,2.136435791015625,0.4703216552734375,1023.302490234375
1774789950712437200,2.176437255859375,0.51788330078125,1023.297119140625
1774789950752437200,2.216437255859375,0.4650421142578125,1023.303466796875
1774789950792436700,2.256436767578125,0.4386138916015625,1023.306396484375
1774789950832436000,2.29643603515625,0.5020294189453125,1023.298828125
1774789950872436700,2.336436767578125,0.4386138916015625,1023.306640625
1774789950912436000,2.37643603515625,0.4069061279296875,1023.310302734375
1774789950952435700,2.416435791015625,0.35406494140625,1023.316650390625
1774789950992435200,2.456435302734375,0.4333343505859375,1023.30712890625
1774789951032435500,2.496435546875,0.48089599609375,1023.301025390625
1774789951072436000,2.53643603515625,0.49146270751953125,1023.300048828125
1774789951112435200,2.576435302734375,0.512603759765625,1023.29736328125
1774789951152437000,2.61643701171875,0.5760116577148438,1023.2900390625
1774789951192435700,2.656435791015625,0.549591064453125,1023.29296875
1774789951232435200,2.696435302734375,0.6288604736328125,1023.283447265625
1774789951272436700,2.736436767578125,0.5971527099609375,1023.287109375
1774789951312435700,2.776435791015625,0.5020294189453125,1023.298828125
1774789951352435500,2.816435546875,0.48089599609375,1023.301025390625
1774789951392437800,2.856437744140625,0.422760009765625,1023.308349609375
1774789951432436200,2.896436279296875,0.34877777099609375,1023.317138671875
1774789951472436700,2.936436767578125,0.35406494140625,1023.31689453125
1774789951512439800,2.976439697265625,0.3699188232421875,1023.31494140625
1774789951552436200,3.016436279296875,0.28536224365234375,1023.324951171875
1774789951592435200,3.056435302734375,0.1796722412109375,1023.337890625
1774789951632438300,3.096438232421875,-0.04227447509765625,1023.36474609375
1774789951672435700,3.136435791015625,-0.15325164794921875,1023.37841796875
1774789951712437000,3.17643701171875,-0.158538818359375,1023.378662109375
1774789951752436200,3.216436279296875,-0.163818359375,1023.37939453125
1774789951792436200,3.256436279296875,-0.29593658447265625,1023.395263671875
1774789951832435700,3.296435791015625,-0.43862152099609375,1023.41259765625
1774789951872435700,3.336435791015625,-0.41748046875,1023.410400390625
1774789951912437000,3.37643701171875,-0.3065032958984375,1023.39697265625
1774789951952436700,3.416436767578125,-0.0792694091796875,1023.369140625
1774789951992436000,3.45643603515625,-0.05812835693359375,1023.366455078125
1774789952032437500,3.4964375,0.10040283203125,1023.347412109375
1774789952072435500,3.536435546875,0.26950836181640625,1023.326904296875
1774789952112436000,3.57643603515625,0.35406494140625,1023.316650390625
1774789952152436500,3.6164365234375,0.47560882568359375,1023.302001953125
1774789952192437000,3.65643701171875,0.47560882568359375,1023.302001953125
1774789952232435700,3.696435791015625,0.6605682373046875,1023.279541015625
1774789952272437800,3.736437744140625,0.7504043579101562,1023.2685546875
1774789952312436500,3.7764365234375,0.8296737670898438,1023.2587890625
1774789952352435500,3.816435546875,0.8455276489257812,1023.25732421875
1774789952392439000,3.85643896484375,0.7926788330078125,1023.263916015625
1774789952432435500,3.896435546875,0.6605682373046875,1023.279296875
1774789952472435200,3.936435302734375,0.5601577758789062,1023.2919921875
1774789952512558600,3.97655859375,0.5020294189453125,1023.299072265625
1774789952552436200,4.016436279296875,0.4650421142578125,1023.30322265625
1774789952592437200,4.056437255859375,0.322357177734375,1023.3203125
1774789952632436000,4.09643603515625,0.07398223876953125,1023.350830078125
1774789952672437000,4.13643701171875,0.0475616455078125,1023.353759765625
1774789952712437200,4.176437255859375,0.07398223876953125,1023.350830078125
1774789952752435200,4.216435302734375,-0.02114105224609375,1023.36181640625
1774789952792436500,4.2564365234375,-0.12154388427734375,1023.37451171875
1774789952832437000,4.29643701171875,-0.35935211181640625,1023.403076171875
1774789952872435500,4.336435546875,-1.738616943359375,1023.5703125
1774789952912437200,4.376437255859375,-1.3422775268554688,1023.52197265625
1774789952952435200,4.416435302734375,-0.195526123046875,1023.38330078125
1774789952992435500,4.456435546875,0.22723388671875,1023.331787109375
1774789953032443400,4.496443359375,0.4069061279296875,1023.310546875
1774789953072435700,4.536435791015625,0.7292633056640625,1023.27099609375
1774789953112435500,4.576435546875,0.8772354125976562,1023.25341796875
1774789953152438300,4.616438232421875,1.0093460083007812,1023.237060546875
1774789953192435700,4.656435791015625,1.0410537719726562,1023.233154296875
1774789953232435200,4.696435302734375,1.1678848266601562,1023.218505859375
1774789953272438500,4.7364384765625,1.09918212890625,1023.2265625
1774789953312434400,4.776434326171875,0.998779296875,1023.23876953125
1774789953352435700,4.816435791015625,0.9617843627929688,1023.242919921875
1774789953392456000,4.8564560546875,0.8983688354492188,1023.25048828125
1774789953432436700,4.896436767578125,0.77154541015625,1023.265869140625
1774789953472435500,4.936435546875,0.7239837646484375,1023.272216796875
1774789953512436700,4.976436767578125,0.6182937622070312,1023.28466796875
1774789953552437000,5.01643701171875,0.4016265869140625,1023.311279296875
1774789953592435500,5.056435546875,0.34877777099609375,1023.317626953125
1774789953632436200,5.096436279296875,0.3382110595703125,1023.318603515625
1774789953672437000,5.13643701171875,0.1796722412109375,1023.337646484375
1774789953712437000,5.17643701171875,0.031707763671875,1023.35546875
1774789953752436000,5.21643603515625,0.29593658447265625,1023.32373046875
1774789953792436000,5.25643603515625,0.35935211181640625,1023.31591796875
1774789953832435500,5.296435546875,0.28008270263671875,1023.32568359375
1774789953872436200,5.336436279296875,0.35935211181640625,1023.316162109375
1774789953912437800,5.376437744140625,0.35935211181640625,1023.316162109375
1774789953952436000,5.41643603515625,0.4333343505859375,1023.306884765625
1774789953992435700,5.456435791015625,0.4967498779296875,1023.299560546875
1774789954032436200,5.496436279296875,0.5284576416015625,1023.295654296875
1774789954072436000,5.53643603515625,0.51788330078125,1023.296630859375
1774789954112435500,5.576435546875,0.49146270751953125,1023.30029296875
1774789954152445700,5.61644580078125,0.4069061279296875,1023.310302734375
1774789954192436000,5.65643603515625,0.31707000732421875,1023.321044921875
1774789954232436200,5.696436279296875,0.21666717529296875,1023.33349609375
1774789954272491000,5.736490966796875,0.2747955322265625,1023.326416015625
1774789954312434400,5.776434326171875,0.16910552978515625,1023.33935546875
1774789954352437000,5.81643701171875,-0.253662109375,1023.39013671875
1774789954392435200,5.856435302734375,-0.258941650390625,1023.390869140625
1774789954432435700,5.896435791015625,-0.08983612060546875,1023.37060546875
1774789954472435700,5.936435791015625,0.07398223876953125,1023.350830078125
1774789954512435700,5.976435791015625,0.10040283203125,1023.34765625
1774789954552438000,6.01643798828125,0.16910552978515625,1023.3388671875
1774789954592436000,6.05643603515625,0.20081329345703125,1023.335205078125
1774789954632435500,6.096435546875,0.35406494140625,1023.31689453125
1774789954672435500,6.136435546875,0.5073165893554688,1023.2978515625
1774789954712436000,6.17643603515625,0.4544677734375,1023.30419921875
1774789954752435500,6.216435546875,0.4386138916015625,1023.306640625
1774789954792437500,6.2564375,0.4544677734375,1023.30419921875
1774789954832436000,6.29643603515625,0.3751983642578125,1023.314208984375
1774789954872435700,6.336435791015625,0.22723388671875,1023.332275390625
1774789954912436500,6.3764365234375,0.08983612060546875,1023.348388671875
1774789954952445000,6.41644482421875,0.08983612060546875,1023.348876953125
1774789954992435500,6.456435546875,-0.05812835693359375,1023.36669921875
1774789955032436500,6.4964365234375,0.13739776611328125,1023.3427734375
1774789955072436000,6.53643603515625,0.3065032958984375,1023.32275390625
1774789955112435700,6.576435791015625,0.22194671630859375,1023.332763671875
1774789955152486400,6.616486328125,0.258941650390625,1023.327880859375
1774789955192435700,6.656435791015625,0.422760009765625,1023.30810546875
1774789955232436000,6.69643603515625,0.5707321166992188,1023.290283203125
1774789955272435500,6.736435546875,0.6500015258789062,1023.280517578125
1774789955312434400,6.776434326171875,0.5548782348632812,1023.29248046875
1774789955352435500,6.816435546875,0.4544677734375,1023.304443359375
1774789955392435500,6.856435546875,0.36463165283203125,1023.315673828125
1774789955432435700,6.896435791015625,0.23780059814453125,1023.33056640625
1774789955472436000,6.93643603515625,0.16910552978515625,1023.33935546875
1774789955512435700,6.976435791015625,0.0845489501953125,1023.349609375
1774789955552435000,7.01643505859375,0.2747955322265625,1023.326416015625
1774789955592436700,7.056436767578125,-0.163818359375,1023.379638671875
1774789955632435500,7.096435546875,-0.163818359375,1023.379638671875
1774789955672438800,7.136438720703125,-0.158538818359375,1023.378662109375
1774789955712435700,7.176435791015625,0.20081329345703125,1023.3349609375
1774789955752435700,7.216435791015625,0.26950836181640625,1023.326904296875
1774789955792437800,7.256437744140625,0.28536224365234375,1023.324951171875
1774789955832436000,7.29643603515625,0.45975494384765625,1023.303955078125
1774789955872435500,7.336435546875,0.7556915283203125,1023.267822265625
1774789955912441000,7.376441162109375,0.7609710693359375,1023.26708984375
1774789955952436500,7.4164365234375,0.7979660034179688,1023.26318359375
1774789955992437000,7.45643701171875,0.7926788330078125,1023.263427734375
1774789956032438000,7.49643798828125,0.6182937622070312,1023.28466796875
1774789956072434200,7.53643408203125,0.39105224609375,1023.31201171875
1774789956112436200,7.576436279296875,0.26422882080078125,1023.327392578125
1774789956152437800,7.616437744140625,0.195526123046875,1023.3359375
1774789956192435500,7.656435546875,0.28536224365234375,1023.324951171875
1774789956232437000,7.69643701171875,0.02642059326171875,1023.3564453125
1774789956272435700,7.736435791015625,-0.0475616455078125,1023.365234375
1774789956312437000,7.77643701171875,0.20081329345703125,1023.335205078125
1774789956352434700,7.8164345703125,0.13739776611328125,1023.3427734375
1774789956392436000,7.85643603515625,0.1796722412109375,1023.337646484375
1774789956432436000,7.89643603515625,0.34877777099609375,1023.317138671875
1774789956472435700,7.936435791015625,0.549591064453125,1023.29296875
1774789956512436000,7.97643603515625,0.676422119140625,1023.27783203125
1774789956552439300,8.016439208984375,0.6975631713867188,1023.275390625
1774789956592437000,8.05643701171875,0.6658554077148438,1023.279052734375
1774789956632435500,8.096435546875,0.549591064453125,1023.292724609375
1774789956672435200,8.136435302734375,0.4650421142578125,1023.30322265625
1774789956712437000,8.17643701171875,0.4386138916015625,1023.306396484375
1774789956752435200,8.216435302734375,0.3065032958984375,1023.322265625
1774789956792423200,8.256423095703125,0.2906494140625,1023.324462890625
1774789956832436000,8.29643603515625,0.163818359375,1023.33984375
1774789956872436700,8.336436767578125,-0.11626434326171875,1023.37353515625
1774789956912440800,8.37644091796875,0.0475616455078125,1023.35400390625
1774789956952436000,8.41643603515625,0.20081329345703125,1023.3349609375
1774789956992437200,8.456437255859376,0.25365447998046875,1023.32861328125
1774789957032444400,8.4964443359375,0.26950836181640625,1023.326904296875
1774789957072434400,8.536434326171875,0.385772705078125,1023.31298828125
1774789957112435500,8.576435546875,0.6922760009765625,1023.27587890625
1774789957152436200,8.616436279296876,0.8349609375,1023.258544921875
1774789957192436200,8.656436279296875,0.903656005859375,1023.25
1774789957232436000,8.69643603515625,0.9300765991210938,1023.246826171875
1774789957272436000,8.73643603515625,0.7926788330078125,1023.263427734375
1774789957312434400,8.776434326171875,0.5601577758789062,1023.291748046875
1774789957352436000,8.81643603515625,0.5601577758789062,1023.291748046875
1774789957392436000,8.85643603515625,0.2430877685546875,1023.330078125
1774789957432437800,8.896437744140625,0.07398223876953125,1023.350341796875
1774789957472436000,8.93643603515625,-0.1426849365234375,1023.376953125
1774789957512435500,8.976435546875,-0.18495941162109375,1023.3818359375
1774789957552434200,9.01643408203125,-0.06341552734375,1023.367431640625
1774789957592437000,9.05643701171875,0.1268310546875,1023.34423828125
1774789957632435200,9.096435302734376,0.47560882568359375,1023.30224609375
1774789957672439800,9.136439697265626,0.9300765991210938,1023.246826171875
1774789957712435700,9.176435791015624,1.1731719970703125,1023.21728515625
1774789957752435200,9.216435302734375,1.1467437744140625,1023.220458984375
1774789957792444400,9.2564443359375,1.1256103515625,1023.22314453125
1774789957832436500,9.2964365234375,1.093902587890625,1023.22705078125
1774789957872435700,9.336435791015624,0.9723587036132812,1023.2421875
1774789957912563200,9.376563232421875,0.8138198852539062,1023.2607421875
1774789957952437500,9.4164375,0.5971527099609375,1023.28759765625
1774789957992434700,9.4564345703125,0.32764434814453125,1023.320068359375
1774789958032436000,9.49643603515625,0.42804718017578125,1023.3076171875
1774789958072437000,9.53643701171875,0.07398223876953125,1023.350341796875
1774789958112437000,9.57643701171875,0.07398223876953125,1023.350341796875
1774789958152435500,9.616435546875,0.31707000732421875,1023.3212890625
1774789958192437200,9.656437255859375,0.34877777099609375,1023.317138671875
1774789958232435700,9.696435791015626,0.39105224609375,1023.312255859375
1774789958272435700,9.736435791015625,0.486175537109375,1023.30078125
1774789958312438000,9.77643798828125,0.6658554077148438,1023.279052734375
1774789958352436000,9.81643603515625,0.7345504760742188,1023.270751953125
1774789958392435500,9.856435546875,0.7451171875,1023.26904296875
1774789958432434400,9.896434326171875,0.7979660034179688,1023.2626953125
1774789958472436200,9.936436279296874,0.7292633056640625,1023.271484375
1774789958512435500,9.976435546875,0.6288604736328125,1023.28369140625
1774789958552436000,10.01643603515625,0.4069061279296875,1023.310302734375
1774789958592436200,10.056436279296875,0.31707000732421875,1023.3212890625
1774789958632437200,10.096437255859374,0.29593658447265625,1023.323974609375
1774789958672440600,10.136440673828124,0.12154388427734375,1023.344970703125
1774789958712434700,10.1764345703125,0.095123291015625,1023.34814453125
1774789958752440300,10.2164404296875,0.3699188232421875,1023.31494140625
1774789958792440000,10.256440185546875,0.47560882568359375,1023.3017578125
1774789958832435700,10.296435791015625,0.385772705078125,1023.312744140625
1774789958872434700,10.3364345703125,0.5654449462890625,1023.291259765625
1774789958912437200,10.376437255859376,0.7609710693359375,1023.26708984375
1774789958952435700,10.416435791015624,0.7873992919921875,1023.26416015625
1774789958992436500,10.4564365234375,0.7926788330078125,1023.263671875
1774789959032435700,10.496435791015625,0.6605682373046875,1023.279541015625
1774789959072434000,10.536433837890625,0.6605682373046875,1023.279541015625
1774789959112435700,10.576435791015625,0.6341476440429688,1023.282958984375
1774789959152436000,10.61643603515625,0.5971527099609375,1023.287109375
1774789959192437800,10.656437744140625,0.4544677734375,1023.30419921875
1774789959232436200,10.696436279296876,0.3382110595703125,1023.31884765625
1774789959272436000,10.73643603515625,0.5548782348632812,1023.292236328125
1774789959312438500,10.7764384765625,0.0475616455078125,1023.353759765625
1774789959352437000,10.81643701171875,0.15325164794921875,1023.341064453125
1774789959392435700,10.856435791015626,0.41748046875,1023.309326171875
1774789959432435000,10.89643505859375,0.4069061279296875,1023.310546875
1774789959472437800,10.936437744140624,0.4544677734375,1023.304443359375
1774789959512439300,10.976439208984376,0.5865859985351562,1023.288818359375
1774789959552441000,11.016441162109375,0.7609710693359375,1023.267333984375
1774789959592438300,11.056438232421876,0.7821121215820312,1023.2646484375
1774789959632436200,11.096436279296874,0.7028427124023438,1023.274658203125
1774789959672438800,11.136438720703126,0.6552810668945312,1023.2802734375
1774789959712436000,11.17643603515625,0.581298828125,1023.2890625
1774789959752437200,11.216437255859375,0.422760009765625,1023.308349609375
1774789959792438000,11.25643798828125,0.258941650390625,1023.328125
1774789959832437200,11.296437255859376,0.26950836181640625,1023.326904296875
1774789959872436200,11.336436279296874,0.0845489501953125,1023.349609375
1774789959912435700,11.376435791015625,0.2061004638671875,1023.33447265625
1774789959952436000,11.41643603515625,0.4544677734375,1023.30419921875
1774789959992436200,11.456436279296875,0.4386138916015625,1023.306396484375
1774789960032436000,11.49643603515625,0.47560882568359375,1023.30224609375
1774789960072437800,11.536437744140626,0.4967498779296875,1023.299560546875
1774789960112437200,11.576437255859375,0.5601577758789062,1023.29150390625
1774789960152436200,11.616436279296876,0.6182937622070312,1023.284912109375
1774789960192435000,11.65643505859375,0.6500015258789062,1023.281005859375
1774789960232436200,11.696436279296876,0.6711349487304688,1023.2783203125
1774789960272436200,11.736436279296875,0.5865859985351562,1023.288330078125
1774789960312439600,11.776439453125,0.5760116577148438,1023.289794921875
1774789960352437200,11.816437255859375,0.486175537109375,1023.300537109375
1774789960392436000,11.85643603515625,0.4069061279296875,1023.31005859375
1774789960432439000,11.89643896484375,0.47560882568359375,1023.30224609375
1774789960472436500,11.9364365234375,0.28536224365234375,1023.32470703125
1774789960512436500,11.9764365234375,0.3382110595703125,1023.318359375
1774789960552441000,12.016441162109375,0.47560882568359375,1023.302001953125
1774789960592436200,12.056436279296875,0.4544677734375,1023.30419921875
1774789960632436000,12.09643603515625,0.5073165893554688,1023.29833984375
1774789960672436200,12.136436279296875,0.49146270751953125,1023.2998046875
1774789960712437200,12.176437255859375,0.5020294189453125,1023.298828125
1774789960752436000,12.21643603515625,0.5337371826171875,1023.295166015625
1774789960792435500,12.256435546875,0.5337371826171875,1023.295166015625
1774789960832436000,12.29643603515625,0.5284576416015625,1023.295654296875
1774789960872436000,12.33643603515625,0.49146270751953125,1023.30029296875
1774789960912435700,12.376435791015625,0.5020294189453125,1023.298828125
1774789960952436200,12.416436279296875,0.4544677734375,1023.3046875
1774789960992437000,12.45643701171875,0.33292388916015625,1023.3193359375
1774789961032436000,12.49643603515625,0.34349822998046875,1023.31787109375
1774789961072435500,12.536435546875,0.4386138916015625,1023.30615234375
1774789961112435700,12.576435791015625,0.3382110595703125,1023.318603515625
1774789961152435700,12.616435791015626,0.38048553466796875,1023.313232421875
1774789961192435000,12.65643505859375,0.4703216552734375,1023.302734375
1774789961232437000,12.69643701171875,0.4386138916015625,1023.306396484375
1774789961272435500,12.736435546875,0.47560882568359375,1023.3017578125
1774789961312438800,12.776438720703124,0.5284576416015625,1023.29541015625
1774789961352436500,12.8164365234375,0.613006591796875,1023.285400390625
1774789961392437200,12.856437255859374,0.5601577758789062,1023.291748046875
1774789961432462600,12.896462646484375,0.5707321166992188,1023.29052734375
1774789961472438300,12.936438232421875,0.5231704711914062,1023.296142578125
1774789961512436000,12.97643603515625,0.486175537109375,1023.30078125
1774789961552435700,13.016435791015626,0.5073165893554688,1023.2978515625
1774789961592435000,13.05643505859375,0.4069061279296875,1023.310546875
1774789961632437500,13.0964375,0.4544677734375,1023.30419921875
1774789961672435200,13.136435302734375,0.2430877685546875,1023.330078125
1774789961712434700,13.1764345703125,-0.02642059326171875,1023.363037109375
1774789961752435500,13.216435546875,0.1268310546875,1023.344482421875
1774789961792436000,13.25643603515625,0.10569000244140625,1023.3466796875
1774789961832439000,13.29643896484375,0.1796722412109375,1023.337646484375
1774789961872436000,13.33643603515625,0.3699188232421875,1023.314697265625
1774789961912436200,13.376436279296875,0.49146270751953125,1023.2998046875
1774789961952435000,13.41643505859375,0.5865859985351562,1023.288818359375
1774789961992437200,13.456437255859376,0.5760116577148438,1023.2900390625
1774789962032436000,13.49643603515625,0.613006591796875,1023.28515625
1774789962072435200,13.536435302734375,0.5337371826171875,1023.295166015625
1774789962112436200,13.576436279296875,0.44390106201171875,1023.305908203125
1774789962152435700,13.616435791015626,0.1743927001953125,1023.33837890625
1774789962192439300,13.656439208984375,0.132110595703125,1023.343505859375
1774789962232436000,13.69643603515625,0.24837493896484375,1023.32958984375
1774789962272436200,13.736436279296875,0.1268310546875,1023.34423828125
1774789962312438300,13.776438232421874,0.02642059326171875,1023.3564453125
1774789962352438500,13.8164384765625,0.20081329345703125,1023.335205078125
1774789962392435700,13.856435791015626,0.20081329345703125,1023.33544921875
1774789962432439300,13.896439208984376,0.3382110595703125,1023.318603515625
1774789962472434400,13.936434326171875,0.4650421142578125,1023.303466796875
1774789962512436000,13.97643603515625,0.4650421142578125,1023.303466796875
1774789962552436000,14.01643603515625,0.549591064453125,1023.29296875
1774789962592436500,14.0564365234375,0.5865859985351562,1023.288330078125
1774789962632436000,14.09643603515625,0.549591064453125,1023.29296875
1774789962672435700,14.136435791015625,0.422760009765625,1023.30810546875
1774789962712435000,14.17643505859375,0.4016265869140625,1023.310791015625
1774789962752436000,14.21643603515625,0.4016265869140625,1023.31103515625
1774789962792436200,14.256436279296874,0.22723388671875,1023.332275390625
1774789962832436000,14.29643603515625,0.26950836181640625,1023.326904296875
1774789962872436000,14.33643603515625,0.08983612060546875,1023.348388671875
1774789962912436000,14.37643603515625,-0.132110595703125,1023.37548828125
1774789962952439800,14.416439697265625,0.1743927001953125,1023.33837890625
1774789962992435700,14.456435791015625,0.23780059814453125,1023.33056640625
1774789963032435700,14.496435791015625,0.163818359375,1023.339599609375
1774789963072423400,14.53642333984375,0.26950836181640625,1023.326904296875
1774789963112436500,14.5764365234375,0.39633941650390625,1023.311767578125
1774789963152436000,14.61643603515625,0.5337371826171875,1023.295166015625
1774789963192439800,14.656439697265625,0.5443115234375,1023.2939453125
1774789963232436200,14.696436279296876,0.5971527099609375,1023.28759765625
1774789963272435700,14.736435791015625,0.51788330078125,1023.297119140625
1774789963312440300,14.7764404296875,0.4386138916015625,1023.30615234375
1774789963352435700,14.816435791015625,0.385772705078125,1023.31298828125
1774789963392436000,14.85643603515625,0.33292388916015625,1023.319580078125
1774789963432437000,14.89643701171875,0.25365447998046875,1023.328857421875
1774789963472436700,14.936436767578124,0.1479644775390625,1023.341552734375
1774789963512437200,14.976437255859375,-0.00528717041015625,1023.360107421875
1774789963552435500,15.016435546875,0.1479644775390625,1023.341552734375
1774789963592438300,15.056438232421876,0.28008270263671875,1023.325439453125
1774789963632436200,15.096436279296874,0.31179046630859375,1023.321533203125
1774789963672434400,15.136434326171875,0.41748046875,1023.30908203125
1774789963712434700,15.1764345703125,0.4967498779296875,1023.29931640625
1774789963752435700,15.216435791015625,0.5073165893554688,1023.298095703125
1774789963792435700,15.256435791015624,0.4650421142578125,1023.303466796875
1774789963832438500,15.2964384765625,0.4016265869140625,1023.311279296875
1774789963872436500,15.3364365234375,0.3699188232421875,1023.314697265625
1774789963912435700,15.376435791015625,0.26422882080078125,1023.32763671875
1774789963952439000,15.41643896484375,0.1743927001953125,1023.338623046875
1774789963992437200,15.456437255859376,0.1743927001953125,1023.338134765625
1774789964032437000,15.49643701171875,0.3065032958984375,1023.32275390625
1774789964072468500,15.536468505859375,0.0528411865234375,1023.353271484375
1774789964112438300,15.576438232421875,0.01056671142578125,1023.3583984375
1774789964152436200,15.616436279296876,0.20081329345703125,1023.33544921875
1774789964192439300,15.656439208984375,0.16910552978515625,1023.339111328125
1774789964232437000,15.69643701171875,0.16910552978515625,1023.339111328125
1774789964272437500,15.7364375,0.1268310546875,1023.34423828125
1774789964312436000,15.77643603515625,0.2906494140625,1023.324462890625
1774789964352438000,15.81643798828125,0.4650421142578125,1023.303466796875
1774789964392436000,15.85643603515625,0.549591064453125,1023.293212890625
1774789964432435200,15.896435302734375,0.51788330078125,1023.297119140625
1774789964472435200,15.936435302734376,0.51788330078125,1023.297119140625
1774789964512436200,15.976436279296875,0.3751983642578125,1023.31396484375
1774789964552435700,16.016435791015624,0.31707000732421875,1023.321044921875
1774789964592437000,16.05643701171875,0.29593658447265625,1023.32373046875
1774789964632438000,16.09643798828125,0.258941650390625,1023.327880859375
1774789964672435500,16.136435546875,0.28008270263671875,1023.32568359375
1774789964712437800,16.176437744140625,0.07398223876953125,1023.3505859375
1774789964752435700,16.216435791015623,0.15325164794921875,1023.341064453125
1774789964792436000,16.25643603515625,0.322357177734375,1023.320556640625
1774789964832423400,16.29642333984375,0.35406494140625,1023.31689453125
1774789964872439000,16.33643896484375,0.385772705078125,1023.3125
1774789964912435700,16.376435791015624,0.5073165893554688,1023.298095703125
1774789964952439300,16.416439208984375,0.5548782348632812,1023.292236328125
1774789964992437000,16.45643701171875,0.6658554077148438,1023.279052734375
1774789965032436000,16.49643603515625,0.5918655395507812,1023.287841796875
1774789965072439300,16.536439208984376,0.5971527099609375,1023.287109375
1774789965112438000,16.57643798828125,0.512603759765625,1023.297607421875
1774789965152436200,16.616436279296874,0.4333343505859375,1023.30712890625
1774789965192435700,16.656435791015625,0.36463165283203125,1023.3154296875
1774789965232435700,16.696435791015624,0.449188232421875,1023.304931640625
1774789965272436000,16.73643603515625,0.20081329345703125,1023.335205078125
1774789965312436200,16.776436279296874,0.18495941162109375,1023.337158203125
1774789965352434700,16.8164345703125,0.4016265869140625,1023.31103515625
1774789965392436000,16.85643603515625,0.3699188232421875,1023.314697265625
1774789965432435500,16.896435546875,0.34877777099609375,1023.3173828125
1774789965472438300,16.936438232421875,0.49146270751953125,1023.300048828125
1774789965512435500,16.976435546875,0.6500015258789062,1023.28076171875
1774789965552438000,17.01643798828125,0.7451171875,1023.26953125
1774789965592437200,17.056437255859375,0.6922760009765625,1023.27587890625
1774789965632436000,17.09643603515625,0.6394271850585938,1023.281982421875
1774789965672436000,17.13643603515625,0.549591064453125,1023.29296875
1774789965712438000,17.17643798828125,0.47560882568359375,1023.3017578125
1774789965752436200,17.216436279296875,0.4333343505859375,1023.30712890625
1774789965792436000,17.25643603515625,0.4333343505859375,1023.30712890625
1774789965832439800,17.296439697265626,0.41219329833984375,1023.3095703125
1774789965872436000,17.33643603515625,0.2113800048828125,1023.333740234375
1774789965912436000,17.37643603515625,0.2113800048828125,1023.333740234375
1774789965952500700,17.416500732421873,0.29593658447265625,1023.323486328125
1774789965992436500,17.4564365234375,0.322357177734375,1023.3203125
1774789966032437000,17.49643701171875,0.385772705078125,1023.3125
1774789966072436000,17.53643603515625,0.422760009765625,1023.308349609375
1774789966112436000,17.57643603515625,0.5760116577148438,1023.2900390625
1774789966152436200,17.616436279296874,0.6394271850585938,1023.281982421875
1774789966192436200,17.656436279296877,0.6182937622070312,1023.284912109375
1774789966232435500,17.696435546875,0.5760116577148438,1023.28955078125
1774789966272436000,17.73643603515625,0.51788330078125,1023.296630859375
1774789966312436000,17.77643603515625,0.4333343505859375,1023.307373046875
1774789966352435000,17.81643505859375,0.4650421142578125,1023.30322265625
1774789966392437000,17.85643701171875,0.4333343505859375,1023.30712890625
1774789966432436000,17.89643603515625,0.512603759765625,1023.29736328125
1774789966472438500,17.9364384765625,0.4016265869140625,1023.311279296875
1774789966512438300,17.976438232421874,0.0475616455078125,1023.353759765625
1774789966552436200,18.016436279296876,0.4069061279296875,1023.310302734375
1774789966592437800,18.056437744140624,0.5601577758789062,1023.2919921875
1774789966632436000,18.09643603515625,0.5073165893554688,1023.2978515625
1774789966672436700,18.136436767578125,0.6235733032226562,1023.2841796875
1774789966712439600,18.176439453125,0.8243865966796875,1023.259765625
1774789966752434400,18.216434326171875,0.803253173828125,1023.262451171875
1774789966792436000,18.25643603515625,0.8349609375,1023.258544921875
1774789966832549000,18.296549072265623,0.7292633056640625,1023.271484375
1774789966872436200,18.336436279296876,0.676422119140625,1023.27783203125
1774789966912437500,18.3764375,0.5760116577148438,1023.289794921875
1774789966952441000,18.416441162109376,0.5284576416015625,1023.29541015625
1774789966992436200,18.456436279296874,0.385772705078125,1023.3125
1774789967032435700,18.496435791015625,0.3751983642578125,1023.31396484375
1774789967072436500,18.5364365234375,0.1426849365234375,1023.34228515625
1774789967112434700,18.5764345703125,0.0528411865234375,1023.35302734375
1774789967152436200,18.616436279296874,0.26950836181640625,1023.326904296875
1774789967192438800,18.656438720703125,0.385772705078125,1023.31298828125
1774789967232438300,18.696438232421876,0.5073165893554688,1023.298095703125
1774789967272436200,18.736436279296875,0.6552810668945312,1023.2802734375
1774789967312436700,18.776436767578126,0.7345504760742188,1023.2705078125
1774789967352438000,18.81643798828125,0.7609710693359375,1023.267578125
1774789967392436200,18.856436279296876,0.6605682373046875,1023.279541015625
1774789967432436000,18.89643603515625,0.6077194213867188,1023.285888671875
1774789967472437800,18.936437744140626,0.5760116577148438,1023.2900390625
1774789967512436000,18.97643603515625,0.44390106201171875,1023.305908203125
1774789967552436000,19.01643603515625,0.31179046630859375,1023.322021484375
1774789967592438800,19.056438720703124,0.3699188232421875,1023.314453125
1774789967632436200,19.096436279296874,0.3699188232421875,1023.314453125
1774789967672435700,19.136435791015625,0.44390106201171875,1023.3056640625
1774789967712439300,19.176439208984377,0.08983612060546875,1023.348388671875
1774789967752436500,19.2164365234375,0.34349822998046875,1023.318115234375
1774789967792436000,19.25643603515625,0.6024398803710938,1023.28662109375
1774789967832438000,19.29643798828125,0.6288604736328125,1023.28369140625
1774789967872437000,19.33643701171875,0.6182937622070312,1023.284912109375
1774789967912436000,19.37643603515625,0.6658554077148438,1023.27880859375
1774789967952436700,19.416436767578126,0.7292633056640625,1023.271484375
1774789967992437200,19.456437255859374,0.7028427124023438,1023.274169921875
1774789968032436000,19.49643603515625,0.7662582397460938,1023.2666015625
1774789968072435700,19.536435791015624,0.739837646484375,1023.270263671875
1774789968112437200,19.576437255859375,0.6605682373046875,1023.279541015625
1774789968152436000,19.61643603515625,0.5020294189453125,1023.298583984375
1774789968192435700,19.656435791015625,0.41748046875,1023.30908203125
1774789968232436000,19.69643603515625,0.39105224609375,1023.312255859375
1774789968272436000,19.73643603515625,0.258941650390625,1023.328369140625
1774789968312435700,19.776435791015626,0.02642059326171875,1023.3564453125
1774789968352436200,19.816436279296877,0.22194671630859375,1023.3330078125
1774789968392436000,19.85643603515625,0.36463165283203125,1023.315673828125
1774789968432435700,19.896435791015627,0.4544677734375,1023.30419921875
1774789968472456700,19.936456787109375,0.5443115234375,1023.2939453125
1774789968512436000,19.97643603515625,0.6975631713867188,1023.27490234375
1774789968552436000,20.01643603515625,0.80853271484375,1023.261962890625
1774789968592441600,20.056441650390624,0.80853271484375,1023.26171875
1774789968632436500,20.0964365234375,0.8191070556640625,1023.26025390625
1774789968672436200,20.136436279296873,0.8138198852539062,1023.260986328125
1774789968712436200,20.176436279296876,0.7821121215820312,1023.26513671875
1774789968752436000,20.21643603515625,0.64471435546875,1023.28173828125
1774789968792436200,20.256436279296874,0.5390243530273438,1023.294189453125
1774789968832435500,20.296435546875,0.5390243530273438,1023.294189453125
1774789968872435700,20.336435791015624,0.4967498779296875,1023.29931640625
1774789968912435200,20.376435302734375,0.28008270263671875,1023.32568359375
1774789968952434400,20.416434326171874,0.5971527099609375,1023.28759765625
1774789968992436700,20.456436767578126,0.6024398803710938,1023.286865234375
1774789969032436000,20.49643603515625,0.486175537109375,1023.300537109375
1774789969072435500,20.536435546875,0.6182937622070312,1023.284423828125
1774789969112436200,20.576436279296875,0.6711349487304688,1023.278564453125
1774789969152435700,20.616435791015626,0.7926788330078125,1023.263671875
1774789969192436700,20.656436767578125,0.9247970581054688,1023.247802734375
1774789969232434200,20.69643408203125,0.9617843627929688,1023.242919921875
1774789969272437200,20.736437255859375,0.9512176513671875,1023.24462890625
1774789969312437000,20.77643701171875,0.9512176513671875,1023.24462890625
1774789969352439000,20.81643896484375,0.803253173828125,1023.262451171875
1774789969392438300,20.856438232421876,0.6658554077148438,1023.279052734375
1774789969432436200,20.896436279296875,0.48089599609375,1023.30126953125
1774789969472438300,20.936438232421875,0.4703216552734375,1023.302734375
1774789969512436000,20.97643603515625,0.36463165283203125,1023.3154296875
1774789969552439300,21.016439208984377,0.26950836181640625,1023.326904296875
1774789969592435700,21.056435791015623,0.49146270751953125,1023.30029296875
1774789969632438000,21.09643798828125,0.49146270751953125,1023.300048828125
1774789969672436200,21.136436279296873,0.6552810668945312,1023.280029296875
1774789969712435200,21.176435302734376,0.776824951171875,1023.265380859375
1774789969752436000,21.21643603515625,0.9195098876953125,1023.248046875
1774789969792436000,21.25643603515625,0.903656005859375,1023.25
1774789969832436500,21.2964365234375,0.8772354125976562,1023.253662109375
1774789969872437500,21.3364375,0.866668701171875,1023.25439453125
1774789969912436200,21.376436279296875,0.8296737670898438,1023.259033203125
1774789969952435000,21.41643505859375,0.8138198852539062,1023.26123046875
1774789969992434400,21.456434326171873,0.6605682373046875,1023.27978515625
1774789970032436200,21.496436279296876,0.5443115234375,1023.29345703125
1774789970072436000,21.53643603515625,0.6288604736328125,1023.283203125
1774789970112435200,21.576435302734374,0.35406494140625,1023.31689453125
1774789970152436500,21.6164365234375,0.258941650390625,1023.327880859375
1774789970192435500,21.656435546875,0.49146270751953125,1023.30029296875
1774789970232438800,21.696438720703124,0.41748046875,1023.30908203125
1774789970272439300,21.736439208984375,0.41748046875,1023.308837890625
1774789970312436500,21.7764365234375,0.5971527099609375,1023.287353515625
1774789970352438000,21.81643798828125,0.776824951171875,1023.265380859375
1774789970392435200,21.856435302734376,0.8613815307617188,1023.255126953125
1774789970432436000,21.89643603515625,0.9300765991210938,1023.2470703125
1774789970472437000,21.93643701171875,0.93536376953125,1023.24609375
1774789970512438000,21.97643798828125,0.8349609375,1023.258544921875
1774789970552435700,22.016435791015624,0.739837646484375,1023.270263671875
1774789970592436200,22.056436279296875,0.5760116577148438,1023.28955078125
1774789970632437500,22.0964375,0.4967498779296875,1023.29931640625
1774789970672435700,22.136435791015625,0.5918655395507812,1023.2880859375
1774789970712435200,22.176435302734376,0.385772705078125,1023.31298828125
1774789970752437200,22.216437255859375,0.49146270751953125,1023.30029296875
1774789970792436200,22.256436279296874,0.6341476440429688,1023.282470703125
1774789970832436200,22.296436279296874,0.7239837646484375,1023.27197265625
1774789970872439300,22.336439208984373,0.7662582397460938,1023.2666015625
1774789970912436200,22.376436279296875,0.8825225830078125,1023.252685546875
1774789970952436500,22.4164365234375,0.8719482421875,1023.254150390625
1774789970992441600,22.456441650390627,0.9142227172851562,1023.248779296875
1774789971032436200,22.496436279296876,0.9142227172851562,1023.248779296875
1774789971072435700,22.536435791015624,0.9089431762695312,1023.249267578125
1774789971112486700,22.576486572265626,0.8772354125976562,1023.253662109375
1774789971152437000,22.61643701171875,0.8983688354492188,1023.2509765625
1774789971192436700,22.656436767578125,0.9089431762695312,1023.249755859375
1774789971232459000,22.696458984375,0.8983688354492188,1023.25048828125
1774789971272436500,22.7364365234375,0.7451171875,1023.26953125
1774789971312436200,22.776436279296874,0.7556915283203125,1023.267822265625
1774789971352437500,22.8164375,0.6288604736328125,1023.28369140625
1774789971392437200,22.856437255859376,0.4703216552734375,1023.302734375
1774789971432436500,22.8964365234375,0.6975631713867188,1023.275390625
1774789971472436000,22.93643603515625,0.6975631713867188,1023.275146484375
1774789971512437200,22.976437255859373,0.7504043579101562,1023.2685546875
1774789971552439000,23.01643896484375,0.7186965942382812,1023.272705078125
1774789971592435500,23.056435546875,0.77154541015625,1023.265869140625
1774789971632436500,23.0964365234375,0.866668701171875,1023.254638671875
1774789971672437000,23.13643701171875,0.8243865966796875,1023.259521484375
1774789971712436200,23.176436279296876,0.8825225830078125,1023.25244140625
1774789971752436200,23.216436279296875,0.8772354125976562,1023.253173828125
1774789971792437500,23.2564375,0.866668701171875,1023.2548828125
1774789971832436700,23.296436767578125,0.8191070556640625,1023.26025390625
1774789971872439800,23.336439697265625,0.7028427124023438,1023.274658203125
1774789971912437500,23.3764375,0.8191070556640625,1023.260498046875
1774789971952435500,23.416435546875,0.6975631713867188,1023.275390625
1774789971992439800,23.456439697265626,0.613006591796875,1023.28515625
1774789972032437500,23.4964375,0.6024398803710938,1023.286376953125
1774789972072437800,23.536437744140624,0.613006591796875,1023.28515625
1774789972112438300,23.576438232421875,0.7821121215820312,1023.26513671875
1774789972152435000,23.61643505859375,0.93536376953125,1023.246337890625
1774789972192436000,23.65643603515625,0.9776382446289062,1023.240966796875
1774789972232439600,23.696439453125,1.0093460083007812,1023.237548828125
1774789972272436700,23.736436767578127,1.0146331787109375,1023.236572265625
1774789972312437200,23.776437255859374,1.0093460083007812,1023.237548828125
1774789972352436000,23.81643603515625,0.9882125854492188,1023.23974609375
1774789972392435000,23.85643505859375,0.9617843627929688,1023.242919921875
1774789972432436200,23.896436279296875,0.9142227172851562,1023.2490234375
1774789972472436200,23.936436279296874,0.7926788330078125,1023.263916015625
1774789972512435000,23.97643505859375,0.8825225830078125,1023.252685546875
1774789972552436500,24.0164365234375,0.8825225830078125,1023.25244140625
1774789972592436000,24.05643603515625,0.8349609375,1023.25830078125
1774789972632436200,24.096436279296874,0.8455276489257812,1023.2568359375
1774789972672436200,24.136436279296873,0.8930892944335938,1023.251220703125
1774789972712437200,24.176437255859376,0.8243865966796875,1023.259765625
1774789972752440600,24.216440673828124,0.8243865966796875,1023.259765625
1774789972792435700,24.256435791015626,0.8930892944335938,1023.251708984375
1774789972832436000,24.29643603515625,0.9300765991210938,1023.2470703125
1774789972872423700,24.336423583984374,1.0357742309570312,1023.23388671875
1774789972912436200,24.376436279296875,1.09918212890625,1023.226318359375
1774789972952435000,24.41643505859375,1.130889892578125,1023.222900390625
1774789972992439300,24.456439208984374,1.1678848266601562,1023.218017578125
1774789973032436700,24.496436767578125,1.0569076538085938,1023.231689453125
1774789973072435500,24.536435546875,1.1097564697265625,1023.22509765625
1774789973112441000,24.576441162109376,1.0780487060546875,1023.228759765625
1774789973152435200,24.616435302734374,1.0146331787109375,1023.236572265625
1774789973192436200,24.656436279296877,0.9617843627929688,1023.2431640625
1774789973232436000,24.69643603515625,0.8772354125976562,1023.253662109375
1774789973272434400,24.736434326171874,0.8138198852539062,1023.260986328125
1774789973312436500,24.7764365234375,0.7821121215820312,1023.264892578125
1774789973352436200,24.816436279296877,0.7556915283203125,1023.26806640625
1774789973392436200,24.856436279296876,0.7821121215820312,1023.264892578125
1774789973432436500,24.8964365234375,0.80853271484375,1023.261962890625
1774789973472436000,24.93643603515625,0.8296737670898438,1023.25927734375
1774789973512438500,24.9764384765625,0.8878021240234375,1023.251953125
1774789973552439600,25.016439453125,0.866668701171875,1023.25439453125
1774789973592436000,25.05643603515625,0.8508148193359375,1023.25634765625
1774789973632436000,25.09643603515625,0.8455276489257812,1023.25732421875
1774789973672437000,25.13643701171875,0.80853271484375,1023.261962890625
1774789973712435700,25.176435791015624,0.8613815307617188,1023.25537109375
1774789973752439000,25.21643896484375,0.8455276489257812,1023.25732421875
1774789973792436200,25.256436279296874,0.8191070556640625,1023.26025390625
1774789973832436000,25.29643603515625,0.7556915283203125,1023.268310546875
1774789973872437800,25.336437744140625,0.7292633056640625,1023.271484375
1774789973912436000,25.37643603515625,0.6500015258789062,1023.281005859375
1774789973952436200,25.416436279296875,0.7873992919921875,1023.26416015625
1774789973992440000,25.456440185546874,0.7609710693359375,1023.26708984375
1774789974032436200,25.496436279296876,0.7926788330078125,1023.263671875
1774789974072437800,25.536437744140624,0.80853271484375,1023.261474609375
1774789974112437000,25.57643701171875,0.8243865966796875,1023.259765625
1774789974152434700,25.6164345703125,0.840240478515625,1023.258056640625
1774789974192436000,25.65643603515625,0.840240478515625,1023.258056640625
1774789974232436000,25.69643603515625,0.840240478515625,1023.258056640625
1774789974272436500,25.7364365234375,0.8560943603515625,1023.255859375
1774789974312436500,25.7764365234375,0.840240478515625,1023.258056640625
1774789974352436700,25.816436767578125,0.8825225830078125,1023.2529296875
1774789974392434700,25.8564345703125,0.80853271484375,1023.261474609375
1774789974432436200,25.896436279296875,0.803253173828125,1023.26220703125
1774789974472436000,25.93643603515625,0.803253173828125,1023.26220703125
1774789974512435200,25.976435302734377,0.840240478515625,1023.258056640625
1774789974552436000,26.01643603515625,0.8243865966796875,1023.259521484375
1774789974592436000,26.05643603515625,0.8508148193359375,1023.256591796875
1774789974632435000,26.09643505859375,0.8455276489257812,1023.25732421875
1774789974672436200,26.136436279296873,0.7979660034179688,1023.262939453125
1774789974712436000,26.17643603515625,0.6605682373046875,1023.279296875
1774789974752439300,26.216439208984376,0.6235733032226562,1023.2841796875
1774789974792437800,26.256437744140626,0.51788330078125,1023.296630859375
1774789974832436200,26.296436279296874,0.5654449462890625,1023.291259765625
1774789974872437800,26.336437744140625,0.6605682373046875,1023.279541015625
1774789974912436000,26.37643603515625,0.6817092895507812,1023.277099609375
1774789974952436200,26.416436279296875,0.7081298828125,1023.27392578125
1774789974992437500,26.4564375,0.6024398803710938,1023.286376953125
1774789975032436000,26.49643603515625,0.5231704711914062,1023.296142578125
1774789975072436000,26.53643603515625,0.4544677734375,1023.30419921875
1774789975112436700,26.576436767578127,0.41748046875,1023.309326171875
1774789975152434700,26.6164345703125,0.2906494140625,1023.324462890625
1774789975192442400,26.6564423828125,0.34877777099609375,1023.317626953125
1774789975232435700,26.696435791015624,0.48089599609375,1023.30126953125
1774789975272437000,26.73643701171875,0.581298828125,1023.2890625
1774789975312436200,26.776436279296874,0.7239837646484375,1023.272216796875
1774789975352436200,26.816436279296877,0.7609710693359375,1023.267578125
1774789975392438800,26.856438720703125,0.6817092895507812,1023.277099609375
1774789975432436200,26.896436279296875,0.6975631713867188,1023.275146484375
1774789975472435700,26.936435791015626,0.7239837646484375,1023.27197265625
1774789975512435700,26.976435791015625,0.7292633056640625,1023.271240234375
1774789975552437200,27.016437255859376,0.6922760009765625,1023.275634765625
1774789975592435700,27.056435791015623,0.7081298828125,1023.273681640625
1774789975632439000,27.09643896484375,0.5231704711914062,1023.296142578125
1774789975672438300,27.136438232421874,0.5601577758789062,1023.2919921875
1774789975712437200,27.176437255859376,0.6182937622070312,1023.28466796875
1774789975752455200,27.216455078125,0.64471435546875,1023.28173828125
1774789975792436700,27.256436767578126,0.64471435546875,1023.281494140625
1774789975832436200,27.296436279296874,0.6235733032226562,1023.283935546875
1774789975872439300,27.336439208984373,0.6288604736328125,1023.283203125
1774789975912435200,27.376435302734375,0.6975631713867188,1023.275390625
1774789975952436200,27.416436279296875,0.7239837646484375,1023.27197265625
1774789975992436000,27.45643603515625,0.676422119140625,1023.277587890625
1774789976032435700,27.496435791015625,0.64471435546875,1023.28125
1774789976072437800,27.536437744140624,0.6500015258789062,1023.28076171875
1774789976112436200,27.576436279296875,0.6235733032226562,1023.2841796875
1774789976152437000,27.61643701171875,0.6817092895507812,1023.277099609375
1774789976192439800,27.656439697265625,0.6817092895507812,1023.277099609375
1774789976232435700,27.696435791015624,0.6077194213867188,1023.285888671875
1774789976272438300,27.736438232421875,0.5707321166992188,1023.290283203125
1774789976312436200,27.776436279296874,0.5601577758789062,1023.29150390625
1774789976352436000,27.81643603515625,0.5865859985351562,1023.288330078125
1774789976392438800,27.856438720703125,0.6711349487304688,1023.2783203125
1774789976432435700,27.896435791015627,0.5865859985351562,1023.288818359375
1774789976472435700,27.936435791015626,0.5760116577148438,1023.2900390625
1774789976512444200,27.976444091796875,0.512603759765625,1023.29736328125
1774789976552435700,28.016435791015624,0.51788330078125,1023.297119140625
1774789976592436500,28.0564365234375,0.5020294189453125,1023.298828125
1774789976632451300,28.096451416015626,0.5231704711914062,1023.296142578125
1774789976672438300,28.136438232421874,0.5337371826171875,1023.295166015625
1774789976712436200,28.176436279296876,0.4703216552734375,1023.302490234375
1774789976752435700,28.216435791015623,0.4703216552734375,1023.302734375
1774789976792436000,28.25643603515625,0.4386138916015625,1023.30615234375
1774789976832436500,28.2964365234375,0.39633941650390625,1023.3115234375
1774789976872436200,28.336436279296876,0.4544677734375,1023.30419921875
1774789976912434400,28.376434326171875,0.449188232421875,1023.305419921875
1774789976952437200,28.416437255859375,0.3382110595703125,1023.31884765625
1774789976992435700,28.456435791015625,0.42804718017578125,1023.3076171875
1774789977032435000,28.49643505859375,0.4544677734375,1023.304443359375
1774789977072437200,28.536437255859376,0.48089599609375,1023.301025390625
1774789977112436000,28.57643603515625,0.5707321166992188,1023.290283203125
1774789977152435500,28.616435546875,0.5971527099609375,1023.287109375
1774789977192437200,28.656437255859377,0.581298828125,1023.2890625
1774789977232436200,28.696436279296876,0.5760116577148438,1023.2900390625
1774789977272423200,28.736423095703124,0.6024398803710938,1023.286865234375
1774789977312436200,28.776436279296874,0.6077194213867188,1023.285888671875
1774789977352435500,28.816435546875,0.5918655395507812,1023.287841796875
1774789977392439300,28.856439208984376,0.5548782348632812,1023.29248046875
1774789977432436200,28.896436279296875,0.5020294189453125,1023.298828125
1774789977472437200,28.936437255859374,0.5073165893554688,1023.29833984375
1774789977512438300,28.976438232421874,0.549591064453125,1023.293212890625
1774789977552436500,29.0164365234375,0.5020294189453125,1023.299072265625
1774789977592436200,29.056436279296875,0.5020294189453125,1023.298828125
1774789977632436200,29.096436279296874,0.49146270751953125,1023.30029296875
1774789977672437200,29.136437255859374,0.512603759765625,1023.29736328125
1774789977712436200,29.176436279296876,0.5073165893554688,1023.29833984375
1774789977752436200,29.216436279296875,0.45975494384765625,1023.3037109375
1774789977792437200,29.256437255859375,0.42804718017578125,1023.307861328125
1774789977832436500,29.2964365234375,0.45975494384765625,1023.3037109375
1774789977872435700,29.336435791015624,0.49146270751953125,1023.2998046875
1774789977912436000,29.37643603515625,0.49146270751953125,1023.2998046875
1774789977952437200,29.416437255859375,0.5390243530273438,1023.294189453125
1774789977992436000,29.45643603515625,0.5443115234375,1023.293701171875
1774789978032436200,29.496436279296876,0.5548782348632812,1023.292236328125
1774789978072438000,29.53643798828125,0.613006591796875,1023.285400390625
1774789978112436000,29.57643603515625,0.5760116577148438,1023.289794921875
1774789978152437200,29.616437255859374,0.5654449462890625,1023.291259765625
1774789978192435700,29.656435791015625,0.5654449462890625,1023.291259765625
1774789978232436500,29.6964365234375,0.5548782348632812,1023.29248046875
1774789978272446200,29.7364462890625,0.5654449462890625,1023.290771484375
1774789978312439300,29.776439208984375,0.5918655395507812,1023.2880859375
1774789978352436500,29.8164365234375,0.549591064453125,1023.292724609375
1774789978392435200,29.856435302734376,0.6235733032226562,1023.2841796875
1774789978432436000,29.89643603515625,0.6235733032226562,1023.283935546875
1774789978472436200,29.936436279296874,0.6711349487304688,1023.278564453125
1774789978512439000,29.97643896484375,0.6288604736328125,1023.283447265625
1774789978552436000,30.01643603515625,0.6077194213867188,1023.2861328125
1774789978592436500,30.0564365234375,0.6024398803710938,1023.286376953125
1774789978632435700,30.096435791015626,0.5601577758789062,1023.29150390625
1774789978672436000,30.13643603515625,0.5548782348632812,1023.292236328125
1774789978712436500,30.1764365234375,0.5390243530273438,1023.29443359375
1774789978752436500,30.2164365234375,0.5601577758789062,1023.29150390625
1774789978792436200,30.256436279296874,0.5601577758789062,1023.291748046875
1774789978832436200,30.296436279296874,0.5443115234375,1023.2939453125
1774789978872435700,30.336435791015624,0.5760116577148438,1023.2900390625
1774789978912436000,30.37643603515625,0.5865859985351562,1023.288818359375
1774789978952436200,30.416436279296875,0.6182937622070312,1023.28466796875
1774789978992436000,30.45643603515625,0.5337371826171875,1023.294677734375
1774789979032439600,30.496439453125,0.5337371826171875,1023.294677734375
1774789979072436500,30.5364365234375,0.5337371826171875,1023.294677734375
1774789979112436200,30.576436279296875,0.6077194213867188,1023.2861328125
1774789979152483300,30.6164833984375,0.5918655395507812,1023.2880859375
1774789979192437000,30.65643701171875,0.5443115234375,1023.29345703125
1774789979232436200,30.696436279296876,0.51788330078125,1023.296630859375
1774789979272438000,30.73643798828125,0.4650421142578125,1023.302978515625
1774789979312436500,30.7764365234375,0.4650421142578125,1023.303466796875
1774789979352436000,30.81643603515625,0.36463165283203125,1023.315673828125
1774789979392438500,30.8564384765625,0.385772705078125,1023.312744140625
1774789979432436000,30.89643603515625,0.4016265869140625,1023.310791015625
1774789979472436500,30.9364365234375,0.5020294189453125,1023.299072265625
1774789979512436000,30.97643603515625,0.5337371826171875,1023.294921875
1774789979552437000,31.01643701171875,0.5390243530273438,1023.29443359375
1774789979592436200,31.056436279296875,0.5707321166992188,1023.290283203125
1774789979632436000,31.09643603515625,0.5707321166992188,1023.290283203125
1774789979672436200,31.136436279296873,0.5073165893554688,1023.2978515625
1774789979712437200,31.176437255859376,0.5918655395507812,1023.2880859375
1774789979752435700,31.216435791015623,0.5601577758789062,1023.29150390625
1774789979792437800,31.256437744140626,0.512603759765625,1023.297607421875
1774789979832435700,31.296435791015625,0.5073165893554688,1023.2978515625
1774789979872436000,31.33643603515625,0.51788330078125,1023.297119140625
1774789979912440300,31.3764404296875,0.5020294189453125,1023.298828125
1774789979952437200,31.416437255859375,0.549591064453125,1023.29296875
1774789979992436000,31.45643603515625,0.5231704711914062,1023.296142578125
1774789980032437500,31.4964375,0.5918655395507812,1023.2880859375
1774789980072437000,31.53643701171875,0.5760116577148438,1023.28955078125
1774789980112437200,31.576437255859375,0.5760116577148438,1023.289794921875
1774789980152438500,31.6164384765625,0.549591064453125,1023.292724609375
1774789980192436000,31.65643603515625,0.581298828125,1023.2890625
1774789980232437200,31.696437255859376,0.5601577758789062,1023.29150390625
1774789980272441600,31.736441650390624,0.5548782348632812,1023.29248046875
1774789980312436500,31.7764365234375,0.5390243530273438,1023.294189453125
1774789980352436200,31.816436279296877,0.5707321166992188,1023.290283203125
1774789980392436000,31.85643603515625,0.5337371826171875,1023.295166015625
1774789980432436500,31.8964365234375,0.5443115234375,1023.293701171875
1774789980472435700,31.936435791015626,0.5337371826171875,1023.295166015625
1774789980512436000,31.97643603515625,0.5443115234375,1023.2939453125
1774789980552436500,32.0164365234375,0.5548782348632812,1023.29248046875
1774789980592436200,32.056436279296875,0.5231704711914062,1023.29638671875
1774789980632435700,32.09643579101562,0.549591064453125,1023.293212890625
1774789980672438500,32.1364384765625,0.4544677734375,1023.304443359375
1774789980712437200,32.176437255859376,0.48089599609375,1023.30126953125
1774789980752437200,32.216437255859375,0.4386138916015625,1023.30615234375
1774789980792435200,32.256435302734374,0.4967498779296875,1023.29931640625
1774789980832436500,32.2964365234375,0.5601577758789062,1023.291748046875
1774789980872435500,32.336435546875,0.5601577758789062,1023.2919921875
1774789980912438000,32.37643798828125,0.5654449462890625,1023.291015625
1774789980952437200,32.41643725585938,0.5284576416015625,1023.2958984375
1774789980992439800,32.45643969726562,0.581298828125,1023.289306640625
1774789981032439600,32.496439453125,0.5443115234375,1023.293701171875
1774789981072434400,32.53643432617187,0.5707321166992188,1023.29052734375
1774789981112436200,32.57643627929688,0.51788330078125,1023.296630859375
1774789981152438300,32.61643823242188,0.5654449462890625,1023.291015625
1774789981192439000,32.65643896484375,0.5707321166992188,1023.29052734375
1774789981232435700,32.696435791015624,0.51788330078125,1023.296875
1774789981272436000,32.73643603515625,0.449188232421875,1023.304931640625
1774789981312437200,32.77643725585938,0.4386138916015625,1023.306640625
1774789981352436200,32.81643627929687,0.4386138916015625,1023.306640625
1774789981392435000,32.85643505859375,0.4386138916015625,1023.306396484375
1774789981432436700,32.89643676757812,0.5073165893554688,1023.298095703125
1774789981472436500,32.9364365234375,0.51788330078125,1023.297119140625
1774789981512436200,32.97643627929688,0.5337371826171875,1023.294677734375
1774789981552437800,33.016437744140624,0.5548782348632812,1023.29248046875
1774789981592436000,33.05643603515625,0.5231704711914062,1023.296142578125
1774789981632435700,33.09643579101562,0.49146270751953125,1023.2998046875
1774789981672437000,33.13643701171875,0.48089599609375,1023.30126953125
1774789981712436000,33.17643603515625,0.5390243530273438,1023.294189453125
1774789981752436000,33.21643603515625,0.5760116577148438,1023.28955078125
1774789981792437800,33.25643774414063,0.51788330078125,1023.296630859375
1774789981832434400,33.29643432617188,0.48089599609375,1023.301025390625
1774789981872436200,33.336436279296876,0.5231704711914062,1023.296142578125
1774789981912434700,33.3764345703125,0.5337371826171875,1023.294921875
1774789981952437200,33.41643725585938,0.5443115234375,1023.2939453125
1774789981992436500,33.4564365234375,0.5654449462890625,1023.291015625
1774789982032552700,33.496552734375,0.581298828125,1023.2890625
1774789982072434700,33.5364345703125,0.6077194213867188,1023.285888671875
1774789982112439800,33.57643969726563,0.5601577758789062,1023.29150390625
1774789982152436700,33.61643676757812,0.5865859985351562,1023.288818359375
1774789982192436500,33.6564365234375,0.5918655395507812,1023.287841796875
1774789982232436500,33.6964365234375,0.581298828125,1023.289306640625
1774789982272436000,33.73643603515625,0.5654449462890625,1023.291015625
1774789982312436000,33.77643603515625,0.5284576416015625,1023.29541015625
1774789982352438300,33.81643823242187,0.5337371826171875,1023.295166015625
1774789982392435500,33.856435546875,0.5337371826171875,1023.294921875
1774789982432437800,33.89643774414063,0.5443115234375,1023.293701171875
1774789982472436200,33.93643627929688,0.5654449462890625,1023.291015625
1774789982512435000,33.97643505859375,0.5654449462890625,1023.291259765625
1774789982552439000,34.01643896484375,0.5707321166992188,1023.29052734375
1774789982592437200,34.05643725585937,0.5971527099609375,1023.287109375
1774789982632435700,34.09643579101562,0.5601577758789062,1023.29150390625
1774789982672437800,34.13643774414062,0.613006591796875,1023.285400390625
1774789982712435700,34.17643579101563,0.5971527099609375,1023.28759765625
1774789982752436500,34.2164365234375,0.5601577758789062,1023.291748046875
1774789982792442400,34.2564423828125,0.5707321166992188,1023.290283203125
1774789982832436200,34.29643627929688,0.5231704711914062,1023.296142578125
1774789982872435700,34.336435791015624,0.5601577758789062,1023.2919921875
1774789982912439600,34.376439453125,0.6077194213867188,1023.2861328125
1774789982952437200,34.41643725585938,0.7028427124023438,1023.274169921875
1774789982992436500,34.4564365234375,0.713409423828125,1023.27294921875
1774789983032436000,34.49643603515625,0.6711349487304688,1023.2783203125
1774789983072434700,34.5364345703125,0.6711349487304688,1023.2783203125
1774789983112438000,34.57643798828125,0.6341476440429688,1023.282958984375
1774789983152435700,34.616435791015626,0.5865859985351562,1023.288818359375
1774789983192436000,34.65643603515625,0.5865859985351562,1023.288330078125
1774789983232436200,34.696436279296876,0.5760116577148438,1023.28955078125
1774789983272436700,34.73643676757813,0.5971527099609375,1023.287353515625
1774789983312434400,34.776434326171874,0.6182937622070312,1023.28466796875
1774789983352436200,34.81643627929687,0.6500015258789062,1023.280517578125
1774789983392436000,34.85643603515625,0.6182937622070312,1023.284912109375
1774789983432435000,34.89643505859375,0.6024398803710938,1023.28662109375
1774789983472436200,34.93643627929688,0.6711349487304688,1023.278564453125
1774789983512435500,34.976435546875,0.6605682373046875,1023.27978515625
1774789983552440600,35.01644067382812,0.64471435546875,1023.281494140625
1774789983592435700,35.05643579101562,0.6341476440429688,1023.282958984375
1774789983632436000,35.09643603515625,0.5443115234375,1023.29345703125
1774789983672439000,35.13643896484375,0.5284576416015625,1023.29541015625
1774789983712435500,35.176435546875,0.49146270751953125,1023.300048828125
1774789983752436200,35.21643627929687,0.5918655395507812,1023.2880859375
1774789983792438300,35.25643823242188,0.5760116577148438,1023.28955078125
1774789983832434700,35.2964345703125,0.5654449462890625,1023.291259765625
1774789983872436000,35.33643603515625,0.5284576416015625,1023.295654296875
1774789983912440000,35.376440185546876,0.5654449462890625,1023.291015625
1774789983952437000,35.41643701171875,0.5707321166992188,1023.290283203125
1774789983992436200,35.456436279296874,0.5020294189453125,1023.298583984375
1774789984032435700,35.49643579101563,0.5760116577148438,1023.2900390625
1774789984072437000,35.53643701171875,0.6024398803710938,1023.286865234375
1774789984112436200,35.57643627929688,0.6024398803710938,1023.28662109375
1774789984152435700,35.616435791015626,0.5760116577148438,1023.289794921875
1774789984192438300,35.65643823242188,0.5760116577148438,1023.28955078125
1774789984232437000,35.69643701171875,0.5601577758789062,1023.2919921875
1774789984272435700,35.73643579101562,0.5020294189453125,1023.298828125
1774789984312437500,35.7764375,0.512603759765625,1023.29736328125
1774789984352437000,35.81643701171875,0.5865859985351562,1023.288818359375
1774789984392440300,35.8564404296875,0.5760116577148438,1023.2900390625
1774789984432438000,35.89643798828125,0.6024398803710938,1023.286376953125
1774789984472436200,35.93643627929688,0.5707321166992188,1023.290283203125
1774789984512436000,35.97643603515625,0.5865859985351562,1023.288330078125
1774789984552440800,36.01644091796875,0.5971527099609375,1023.28759765625
1774789984592436700,36.05643676757813,0.6024398803710938,1023.286376953125
1774789984632436000,36.09643603515625,0.6341476440429688,1023.28271484375
1774789984672493000,36.1364931640625,0.5654449462890625,1023.291259765625
1774789984712436200,36.17643627929687,0.613006591796875,1023.285400390625
1774789984752436500,36.2164365234375,0.5707321166992188,1023.290283203125
1774789984792436000,36.25643603515625,0.549591064453125,1023.292724609375
1774789984832435200,36.29643530273437,0.549591064453125,1023.292724609375
1774789984872436500,36.3364365234375,0.549591064453125,1023.29296875
1774789984912436000,36.37643603515625,0.5284576416015625,1023.2958984375
1774789984952436700,36.416436767578126,0.549591064453125,1023.293212890625
1774789984992436200,36.456436279296874,0.6024398803710938,1023.286865234375
1774789985032435700,36.49643579101563,0.6341476440429688,1023.282470703125
1774789985072437800,36.53643774414063,0.6500015258789062,1023.280517578125
1774789985112436200,36.57643627929688,0.6394271850585938,1023.2822265625
1774789985152436000,36.61643603515625,0.6235733032226562,1023.283935546875
1774789985192435200,36.65643530273437,0.5548782348632812,1023.29248046875
1774789985232437200,36.69643725585937,0.5548782348632812,1023.29248046875
1774789985272436500,36.7364365234375,0.5971527099609375,1023.287109375
1774789985312439300,36.77643920898438,0.5760116577148438,1023.289794921875
1774789985352439600,36.816439453125,0.5654449462890625,1023.291015625
1774789985392437200,36.856437255859376,0.5548782348632812,1023.29248046875
1774789985432439600,36.896439453125,0.5020294189453125,1023.298583984375
1774789985472438300,36.93643823242188,0.47560882568359375,1023.302001953125
1774789985512436200,36.97643627929688,0.5390243530273438,1023.294189453125
1774789985552440300,37.0164404296875,0.5284576416015625,1023.2958984375
1774789985592435000,37.05643505859375,0.5601577758789062,1023.291748046875
1774789985632436200,37.096436279296874,0.5601577758789062,1023.2919921875
1774789985672436700,37.136436767578125,0.5390243530273438,1023.294189453125
1774789985712437000,37.17643701171875,0.549591064453125,1023.293212890625
1774789985752436200,37.21643627929687,0.486175537109375,1023.300537109375
1774789985792435700,37.256435791015626,0.44390106201171875,1023.3056640625
1774789985832438500,37.2964384765625,0.38048553466796875,1023.313720703125
1774789985872436200,37.336436279296876,0.385772705078125,1023.312744140625
1774789985912436000,37.37643603515625,0.45975494384765625,1023.303955078125
1774789985952438500,37.4164384765625,0.5601577758789062,1023.291748046875
1774789985992436200,37.456436279296874,0.581298828125,1023.289306640625
1774789986032435700,37.49643579101563,0.5654449462890625,1023.291259765625
1774789986072435200,37.536435302734375,0.5390243530273438,1023.294189453125
1774789986112436200,37.57643627929688,0.5337371826171875,1023.294921875
1774789986152436000,37.61643603515625,0.5760116577148438,1023.28955078125
1774789986192438800,37.65643872070312,0.5601577758789062,1023.29150390625
1774789986232436000,37.69643603515625,0.5548782348632812,1023.292236328125
1774789986272435700,37.73643579101562,0.6077194213867188,1023.285888671875
1774789986312423400,37.77642333984375,0.5760116577148438,1023.2900390625
1774789986352437000,37.81643701171875,0.5443115234375,1023.29345703125
1774789986392436000,37.85643603515625,0.5654449462890625,1023.290771484375
1774789986432437800,37.89643774414063,0.5654449462890625,1023.291259765625
1774789986472436500,37.9364365234375,0.549591064453125,1023.29296875
1774789986512436200,37.97643627929688,0.5231704711914062,1023.29638671875
1774789986552439000,38.01643896484375,0.5231704711914062,1023.29638671875
1774789986592436500,38.0564365234375,0.4650421142578125,1023.303466796875
1774789986632436200,38.096436279296874,0.47560882568359375,1023.30224609375
1774789986672436500,38.1364365234375,0.5231704711914062,1023.296142578125
1774789986712435000,38.17643505859375,0.5284576416015625,1023.2958984375
1774789986752436200,38.21643627929687,0.5337371826171875,1023.295166015625
1774789986792436200,38.25643627929688,0.5654449462890625,1023.290771484375
1774789986832434700,38.2964345703125,0.48089599609375,1023.30126953125
1774789986872435700,38.336435791015624,0.5231704711914062,1023.29638671875
1774789986912436000,38.37643603515625,0.512603759765625,1023.29736328125
1774789986952439800,38.41643969726562,0.512603759765625,1023.297607421875
1774789986992436200,38.456436279296874,0.5390243530273438,1023.29443359375
1774789987032436200,38.49643627929687,0.5971527099609375,1023.287353515625
1774789987072441300,38.53644140625,0.5971527099609375,1023.287353515625
1774789987112436200,38.57643627929688,0.5548782348632812,1023.292236328125
1774789987152435700,38.616435791015626,0.5654449462890625,1023.290771484375
1774789987192450000,38.65644995117187,0.5865859985351562,1023.288818359375
1774789987232436000,38.69643603515625,0.5443115234375,1023.293701171875
1774789987272437000,38.73643701171875,0.4650421142578125,1023.303466796875
1774789987312444000,38.77644384765625,0.44390106201171875,1023.305908203125
1774789987352436000,38.81643603515625,0.422760009765625,1023.30859375
1774789987392436200,38.85643627929687,0.45975494384765625,1023.303955078125
1774789987432438500,38.8964384765625,0.4069061279296875,1023.31005859375
1774789987472436000,38.93643603515625,0.4544677734375,1023.304443359375
1774789987512436500,38.9764365234375,0.49146270751953125,1023.2998046875
1774789987552436500,39.0164365234375,0.422760009765625,1023.30810546875
1774789987592437200,39.05643725585937,0.4650421142578125,1023.30322265625
1774789987632436200,39.096436279296874,0.4650421142578125,1023.303466796875
1774789987672436000,39.13643603515625,0.47560882568359375,1023.3017578125
1774789987712434700,39.1764345703125,0.4386138916015625,1023.306640625
1774789987752437200,39.216437255859375,0.42804718017578125,1023.307861328125
1774789987792435700,39.256435791015626,0.41219329833984375,1023.3095703125
1774789987832435500,39.296435546875,0.4386138916015625,1023.30615234375
1774789987872437800,39.336437744140625,0.449188232421875,1023.305419921875
1774789987912436500,39.3764365234375,0.4544677734375,1023.30419921875
1774789987952438800,39.41643872070313,0.449188232421875,1023.304931640625
1774789987992436200,39.456436279296874,0.51788330078125,1023.296630859375
1774789988032436000,39.49643603515625,0.486175537109375,1023.300537109375
1774789988072437800,39.53643774414063,0.44390106201171875,1023.305908203125
1774789988112436500,39.5764365234375,0.4544677734375,1023.3046875
1774789988152435700,39.616435791015626,0.48089599609375,1023.301025390625
1774789988192439800,39.656439697265625,0.48089599609375,1023.301025390625
1774789988232436200,39.696436279296876,0.51788330078125,1023.297119140625
1774789988272436000,39.73643603515625,0.47560882568359375,1023.30224609375
1774789988312442600,39.77644262695313,0.47560882568359375,1023.30224609375
1774789988352436000,39.81643603515625,0.5443115234375,1023.2939453125
1774789988392436200,39.85643627929687,0.5443115234375,1023.2939453125
1774789988432436000,39.89643603515625,0.48089599609375,1023.301025390625
1774789988472435200,39.936435302734374,0.4386138916015625,1023.306640625
1774789988512436500,39.9764365234375,0.4967498779296875,1023.29931640625
1774789988552436200,40.016436279296876,0.5443115234375,1023.2939453125
1774789988592436000,40.05643603515625,0.5443115234375,1023.29345703125
1774789988632437200,40.09643725585938,0.5654449462890625,1023.291259765625
1774789988672437500,40.1364375,0.5337371826171875,1023.294921875
1774789988712437500,40.1764375,0.6288604736328125,1023.28369140625
1774789988752437800,40.21643774414063,0.5971527099609375,1023.287109375
1774789988792436200,40.25643627929688,0.5390243530273438,1023.29443359375
1774789988832436700,40.29643676757812,0.5073165893554688,1023.298095703125
1774789988872436200,40.336436279296876,0.51788330078125,1023.296630859375
1774789988912436000,40.37643603515625,0.48089599609375,1023.301513671875
1774789988952435500,40.416435546875,0.486175537109375,1023.30078125
1774789988992436200,40.456436279296874,0.5073165893554688,1023.2978515625
1774789989032436200,40.49643627929687,0.449188232421875,1023.305419921875
1774789989072438500,40.5364384765625,0.4967498779296875,1023.29931640625
1774789989112437500,40.5764375,0.5443115234375,1023.2939453125
1774789989152436200,40.61643627929688,0.5548782348632812,1023.292236328125
1774789989192440000,40.65644018554688,0.5601577758789062,1023.2919921875
1774789989232437200,40.69643725585937,0.5337371826171875,1023.294677734375
1774789989272437200,40.73643725585937,0.5284576416015625,1023.295654296875
1774789989312435700,40.77643579101562,0.5390243530273438,1023.294189453125
1774789989352435700,40.81643579101563,0.5337371826171875,1023.294677734375
1774789989392436000,40.85643603515625,0.549591064453125,1023.293212890625
1774789989432436500,40.8964365234375,0.5707321166992188,1023.290283203125
1774789989472438300,40.93643823242188,0.5760116577148438,1023.289794921875
1774789989512437200,40.97643725585937,0.5548782348632812,1023.292236328125
1774789989552435700,41.016435791015624,0.512603759765625,1023.297607421875
1774789989592438000,41.05643798828125,0.5020294189453125,1023.299072265625
1774789989632436200,41.096436279296874,0.5020294189453125,1023.298828125
1774789989672436200,41.13643627929687,0.5073165893554688,1023.2978515625
1774789989712435700,41.17643579101563,0.45975494384765625,1023.3037109375
1774789989752436000,41.21643603515625,0.4386138916015625,1023.306396484375
1774789989792435700,41.256435791015626,0.44390106201171875,1023.3056640625
1774789989832438800,41.29643872070312,0.4650421142578125,1023.30322265625
1774789989872437000,41.33643701171875,0.4333343505859375,1023.30712890625
1774789989912436000,41.37643603515625,0.4967498779296875,1023.29931640625
1774789989952448300,41.4164482421875,0.5284576416015625,1023.295654296875
1774789989992434400,41.45643432617187,0.5073165893554688,1023.2978515625
1774789990032435700,41.49643579101563,0.5073165893554688,1023.2978515625
1774789990072440300,41.5364404296875,0.6182937622070312,1023.284423828125
1774789990112437200,41.576437255859375,0.5971527099609375,1023.287109375
1774789990152436500,41.6164365234375,0.581298828125,1023.2890625
1774789990192436500,41.6564365234375,0.3382110595703125,1023.31884765625
1774789990232436000,41.69643603515625,0.18495941162109375,1023.33740234375
1774789990272436500,41.7364365234375,0.05812835693359375,1023.3525390625
1774789990312436200,41.776436279296874,0.01056671142578125,1023.3583984375
1774789990352437500,41.8164375,0.0528411865234375,1023.35302734375
1774789990392436200,41.85643627929687,0.02642059326171875,1023.356689453125
1774789990432435700,41.89643579101563,0.08983612060546875,1023.348388671875
1774789990472438500,41.9364384765625,0.20081329345703125,1023.33544921875
1774789990512436500,41.9764365234375,0.163818359375,1023.33984375
